dayofyear,date,hot_per,hot_err,cold_per,cold_err,dry_per,dry_err,wet_per,wet_err,month
1,2001-01-01,69.12878787878788,0.011945500742122306,0.0,,0.0,11.926759620757203,75.0,0.023192513365065677,1
2,2001-01-02,69.12878787878788,0.03293311316291536,0.0,,0.0,7.7779142909169465,75.56818181818181,0.022438138061307324,1
3,2001-01-03,68.93939393939394,0.03275558668888223,0.0,,0.0,6.314105253899079,74.43181818181819,0.02394688866882403,1
4,2001-01-04,69.6969696969697,0.03346569258503962,0.0,,0.0,3.900565533767555,75.37878787878788,0.022689596495898474,1
5,2001-01-05,69.6969696969697,0.0019085559700897647,0.0,,0.0,1.7944104204348434,76.70454545454545,0.02092938745381326,1
6,2001-01-06,68.93939393939394,0.0022341591645655967,0.0,,0.0,0.7914480368393342,76.51515151515152,0.06783688498338591,1
7,2001-01-07,68.56060606060606,0.0023969607618070654,0.0,,2.0833333333333335,0.17888646322894353,75.18939393939394,0.07223090268403783,1
8,2001-01-08,68.56060606060606,0.0023969607618070654,0.0,3.913914991947925,4.166666666666667,0.668741714342568,74.62121212121212,0.07411405312720128,1
9,2001-01-09,69.50757575757575,0.0019899567687069464,0.0,3.913914991947925,8.333333333333334,0.10989629129599443,74.62121212121212,0.07411405312720128,1
10,2001-01-10,69.50757575757575,0.0019899567687069464,0.0,3.913914991947925,20.833333333333332,0.04101808488335479,75.75757575757575,0.0742045802114866,1
11,2001-01-11,69.50757575757575,0.0019899567687069464,0.0,4.18759299072237,29.166666666666668,0.2675953686131951,75.18939393939394,0.07617812506019192,1
12,2001-01-12,67.8030303030303,0.0027225639562828974,0.0,4.154287102100767,27.083333333333332,0.013716347042302957,75.9469696969697,0.07354673192860456,1
13,2001-01-13,67.99242424242425,0.016656187047772164,0.0,4.154287102100767,29.166666666666668,0.3148045524074554,75.56818181818181,0.07486242849438837,1
14,2001-01-14,67.61363636363636,0.0195234794750192,0.0,4.154287102100767,27.083333333333332,0.5212786737334572,75.9469696969697,0.030482411937278936,1
15,2001-01-15,67.99242424242425,0.01920904163804238,0.0,4.154287102100767,27.083333333333332,0.02238272473890568,75.9469696969697,0.030482411937278936,1
16,2001-01-16,66.66666666666667,0.020309574067486125,0.0,4.154287102100767,33.333333333333336,0.6104267504482053,77.08333333333333,0.028569857042596583,1
17,2001-01-17,65.53030303030303,0.015848180706335313,0.0,4.154287102100767,33.333333333333336,0.03928100866030171,77.46212121212122,0.027932338744381884,1
18,2001-01-18,64.77272727272727,0.016358271613885478,0.0,4.154287102100767,31.25,0.8768499032346462,77.46212121212122,0.027932338744381884,1
19,2001-01-19,66.47727272727273,0.015210567071903824,0.0,4.154287102100767,31.25,0.20184737643409711,78.4090909090909,0.026338542998811665,1
20,2001-01-20,66.66666666666667,0.015212675487855876,0.0,4.154287102100767,31.25,0.15793522178244324,78.78787878787878,0.025701024700587403,1
21,2001-01-21,66.66666666666667,0.015212675487855876,0.0,4.154287102100767,31.25,0.15548975248638364,78.03030303030303,0.009771022686073357,1
22,2001-01-22,66.09848484848484,0.01559413885764016,0.0,4.154287102100767,31.25,0.779850806599292,78.78787878787878,0.00908926328310584,1
23,2001-01-23,67.42424242424242,0.014704057661472092,0.0,4.373908228663007,29.166666666666668,0.45095136882487097,78.78787878787878,0.00908926328310584,1
24,2001-01-24,67.61363636363636,0.003356907968210976,0.0,4.373908228663007,27.083333333333332,0.6413827022073768,80.3030303030303,0.007725744477170804,1
25,2001-01-25,66.47727272727273,0.0037261506643915254,0.0,4.373908228663007,25.0,0.2866014265318704,82.38636363636364,0.005850906119010129,1
26,2001-01-26,63.63636363636363,0.004649257404835794,0.0,5.378950070900041,27.083333333333332,0.041198225372459873,82.76515151515152,0.005510026417526371,1
27,2001-01-27,62.68939393939394,0.00495695965165055,0.0,5.206507379708739,29.166666666666668,0.15926651223454869,81.81818181818181,0.006362225671230652,1
28,2001-01-28,63.82575757575758,0.004587716955473553,0.0,4.583913428106172,29.166666666666668,0.32967242069350355,82.38636363636364,0.005850906119010129,1
29,2001-01-29,64.58333333333333,0.004341555158021038,0.0,4.200815444133326,31.25,1.1632121720870927,83.33333333333333,0.004998706865295617,1
30,2001-01-30,62.5,0.005018500101016343,0.0,4.200815444133326,31.25,0.5425965794997563,82.38636363636364,0.005850906119010129,1
31,2001-01-31,61.93181818181818,0.003292700947575611,0.0,4.200815444133326,31.25,0.42410187136939825,81.62878787878788,0.006532665521977647,1
32,2001-02-01,61.74242424242424,0.0032051793899654513,0.0,4.200815444133326,0.0,11.957902345923237,82.38636363636364,0.019676701272118582,2
33,2001-02-02,62.878787878787875,0.0037303087356264086,0.0,4.200815444133326,0.0,10.668489733256294,81.81818181818181,0.02063401421636997,2
34,2001-02-03,62.878787878787875,0.0037303087356264086,0.0,4.200815444133326,0.0,9.141058831064989,81.25,0.02159132716064051,2
35,2001-02-04,62.121212121212125,0.0028026773194334,0.0,3.1067929539789247,0.0,4.769350260579735,80.3030303030303,0.02318684873440878,2
36,2001-02-05,64.01515151515152,0.0015007583136394942,0.0,3.1067929539789247,0.0,2.5855738601835654,78.78787878787878,0.025739683252438014,2
37,2001-02-06,65.9090909090909,0.002479385528062039,0.0,3.1067929539789247,0.0,2.8309154549713824,78.03030303030303,0.02701610051145263,2
38,2001-02-07,67.8030303030303,0.0017790354661890717,0.0,3.1067929539789247,2.0833333333333335,1.8415594051866648,77.27272727272727,0.02829251777046725,2
39,2001-02-08,68.93939393939394,0.0013588254290652912,0.0,3.1067929539789247,4.166666666666667,0.21112803241533307,76.51515151515152,0.02956893502949144,2
40,2001-02-09,69.31818181818181,0.0012187554166906978,0.0,3.1067929539789247,4.166666666666667,0.0397121595993859,74.62121212121212,0.032759978177027985,2
41,2001-02-10,71.02272727272727,0.006491534668917609,0.0,3.1067929539789247,18.75,0.5021445405945251,75.56818181818181,0.031164456603250137,2
42,2001-02-11,72.1590909090909,0.006165774140722391,0.0,3.1067929539789247,22.916666666666668,0.15558055514388158,76.13636363636364,0.0432025177728286,2
43,2001-02-12,72.53787878787878,0.006057187297990652,0.0,3.1067929539789247,27.083333333333332,1.300976235095181,75.18939393939394,0.04531372879554522,2
44,2001-02-13,71.02272727272727,0.005708663428642069,0.0,3.1067929539789247,27.083333333333332,1.0640103426494427,75.75757575757575,0.044047002181907643,2
45,2001-02-14,70.83333333333333,0.005757840044516627,0.0,3.1067929539789247,27.083333333333332,0.14270955049600786,75.18939393939394,0.04531372879554522,2
46,2001-02-15,72.1590909090909,0.005413603733394723,0.0,3.840165544480149,29.166666666666668,0.1869042775541292,75.37878787878788,0.0553473084226302,2
47,2001-02-16,71.96969696969697,0.005462780349272833,0.0,3.9609519210642556,27.083333333333332,0.1832733796144126,75.18939393939394,0.05413877873785231,2
48,2001-02-17,72.53787878787878,0.00531525050164916,0.0,3.9609519210642556,27.083333333333332,0.6224123997415347,75.75757575757575,0.0526699517438567,2
49,2001-02-18,73.29545454545455,0.0051185440381509295,0.0,3.9609519210642556,27.083333333333332,0.042944401121271625,75.18939393939394,0.014602495142800919,2
50,2001-02-19,72.72727272727273,0.0052660738857746026,0.0,4.006162391621624,31.25,0.1909421606928099,75.9469696969697,0.013851273917072691,2
51,2001-02-20,72.1590909090909,0.005413603733394723,0.0,4.006162391621624,33.333333333333336,0.6027188673516228,78.03030303030303,0.011785415546298932,2
52,2001-02-21,72.91666666666667,0.0030635540279853046,0.0,4.006162391621624,29.166666666666668,0.8074281739216893,78.21969696969697,0.011597610239871105,2
53,2001-02-22,72.53787878787878,0.0029221854648220358,0.0,4.006162391621624,31.25,0.1705678730466289,77.65151515151516,0.012161026159171502,2
54,2001-02-23,72.53787878787878,0.0029221854648220358,0.0,4.006162391621624,35.416666666666664,0.07922293965146388,77.8409090909091,0.011973220852738034,2
55,2001-02-24,74.43181818181819,0.0013071062454201865,0.0,4.006162391621624,33.333333333333336,0.4231992580263704,77.27272727272727,0.012536636772032797,2
56,2001-02-25,75.18939393939394,4.7525733716469176e-05,0.0,4.006162391621624,37.5,2.887710066379821,77.27272727272727,0.012536636772032797,2
57,2001-02-26,75.9469696969697,0.0367683761030797,0.0,3.7811739358897682,33.333333333333336,1.6921680254489893,77.08333333333333,0.012724442078466262,2
58,2001-02-27,76.51515151515152,0.06471312165181686,0.0,3.7811739358897682,33.333333333333336,0.7249316809634863,78.78787878787878,0.01103419432056507,2
59,2001-02-28,76.32575757575758,0.06452515459319486,0.0,2.574748881397719,31.25,0.5018569260122234,78.78787878787878,0.01103419432056507,2
60,2001-03-01,75.37878787878788,0.06358531930008837,0.0,2.574748881397719,0.0,11.84453968114579,79.92424242424242,0.052984264406453825,3
61,2001-03-02,77.27272727272727,0.01376376289779202,0.0,2.574748881397719,0.0,8.487008904273992,79.73484848484848,0.02501079677748097,3
62,2001-03-03,78.21969696969697,0.014070004722903207,0.0,2.574748881397719,0.0,5.929995748337603,79.16666666666667,0.025992407902092236,3
63,2001-03-04,78.03030303030303,0.01400875635788168,0.0,2.574748881397719,0.0,3.503170532277224,79.92424242424242,0.024683593069280488,3
64,2001-03-05,78.21969696969697,0.014070004722903207,0.0,2.574748881397719,0.0,2.1072246891113835,78.97727272727273,0.026319611610292712,3
65,2001-03-06,79.54545454545455,0.014498743278061,0.0,2.574748881397719,0.0,1.1006241495835596,78.03030303030303,0.0279556301512853,3
66,2001-03-07,80.11363636363636,0.014682488373129132,0.0,2.574748881397719,4.166666666666667,0.2843106562630684,77.46212121212122,0.028937241275896565,3
67,2001-03-08,80.68181818181819,0.0015948061216093379,0.0,2.574748881397719,6.25,0.3139185872642969,77.46212121212122,0.028937241275896565,3
68,2001-03-09,80.11363636363636,0.0015045217825040424,0.0,2.574748881397719,8.333333333333334,0.15211377366887113,77.08333333333333,0.029591648692287705,3
69,2001-03-10,80.68181818181819,0.0007489258053254844,0.0,2.574748881397719,12.5,1.228710168949478,75.9469696969697,0.03155487094150042,3
70,2001-03-11,82.00757575757575,0.0003774179994842086,0.0,3.4247008613236005,16.666666666666668,0.24075033425775594,74.81060606060606,0.033518093190713125,3
71,2001-03-12,84.28030303030303,0.00025945252481207604,0.0,3.723402163863076,25.0,0.08177312138904114,75.18939393939394,0.03286368577429252,3
72,2001-03-13,84.0909090909091,0.00020637998111894262,0.0,3.2405945633965896,31.25,0.21592053440600978,75.75757575757575,0.038332306323563034,3
73,2001-03-14,84.6590909090909,0.00036559761219479014,0.0,2.354921629414207,33.333333333333336,0.4214563641178728,76.13636363636364,0.037577114037269224,3
74,2001-03-15,85.03787878787878,0.00047174269957750425,0.0,1.0382244722155747,33.333333333333336,0.9141893489746291,76.13636363636364,0.011981679401506922,3
75,2001-03-16,85.60606060606061,0.0006309603306497991,0.0,1.0382244722155747,33.333333333333336,2.8057329220040828,77.65151515151516,0.01058601721728559,3
76,2001-03-17,85.41666666666667,0.0005778877869566656,0.0,1.0382244722155747,31.25,1.9655744823363825,78.59848484848484,0.009713728352142023,3
77,2001-03-18,85.98484848484848,0.0007371054180325132,0.0,1.0382244722155747,31.25,1.2675093707347926,78.78787878787878,0.009539270579114354,3
78,2001-03-19,85.98484848484848,0.017308212141053048,0.0,1.0382244722155747,31.25,0.5521233131901191,78.78787878787878,0.009539270579114354,3
79,2001-03-20,86.17424242424242,0.017397784919818804,0.0,1.0382244722155747,33.333333333333336,0.04148651147308868,78.03030303030303,0.004544579348341093,3
80,2001-03-21,86.17424242424242,0.019903558186499026,0.0,1.0382244722155747,35.416666666666664,0.09598428314833996,78.21969696969697,0.004591608836716015,3
81,2001-03-22,86.17424242424242,0.019903558186499026,0.0,1.0382244722155747,37.5,0.9348612969641579,80.11363636363636,0.00506190372048076,3
82,2001-03-23,85.79545454545455,0.019793063951343726,0.0,1.0382244722155747,39.583333333333336,1.8878770574738315,78.97727272727273,0.004779726790221348,3
83,2001-03-24,85.03787878787878,0.019572075481036677,0.0,1.0382244722155747,33.333333333333336,0.26106613445619686,78.78787878787878,0.0047326973018464264,3
84,2001-03-25,84.84848484848484,0.019516828363460803,0.0,1.0382244722155747,33.333333333333336,0.25704103235819,78.4090909090909,0.00463863832509376,3
85,2001-03-26,85.60606060606061,0.01973781683376785,0.0,1.3548586138450585,33.333333333333336,0.8181799790242117,77.65151515151516,0.004450520371587014,3
86,2001-03-27,85.60606060606061,0.055671581695676764,0.0,1.8346382815680524,37.5,1.0512636758114056,77.08333333333333,0.004309431906459426,3
87,2001-03-28,86.17424242424242,0.05607582148775592,0.0,1.8346382815680524,37.5,0.3819376053929382,77.27272727272727,0.004356461394835759,3
88,2001-03-29,86.74242424242425,0.056480061279827964,0.0,1.8346382815680524,37.5,0.524818932188694,77.46212121212122,0.004403490883210681,3
89,2001-03-30,87.68939393939394,0.05715379426663603,0.0,1.5846089250706736,33.333333333333336,0.2381554598204101,77.08333333333333,0.004309431906459426,3
90,2001-03-31,89.01515151515152,0.05809702044814813,0.0,1.5183073604380777,37.5,0.7690246269650984,77.27272727272727,0.009708650804449716,3
91,2001-04-01,89.58333333333333,0.05710838545668295,0.0,0.9223975483427767,0.0,12.07770864110995,75.75757575757575,0.011022560858078711,4
92,2001-04-02,90.15151515151516,0.07147517618103905,0.1893939393939394,0.920440413049862,0.0,10.46942027226141,73.67424242424242,0.012829187181823508,4
93,2001-04-03,91.09848484848484,0.07242140154253462,0.3787878787878788,0.9184832777569483,0.0,9.775702183258666,72.53787878787878,0.013814619722045255,4
94,2001-04-04,92.04545454545455,0.07336762690402665,0.5681818181818182,0.9165261424640336,0.0,7.341682564785593,71.40151515151516,0.01480005226227193,4
95,2001-04-05,93.18181818181819,0.07450309733780713,0.5681818181818182,0.41922939833776685,0.0,4.658807509134903,70.83333333333333,0.015292768532377874,4
96,2001-04-06,93.75,0.07507083255470803,0.7575757575757576,0.4182194949384259,0.0,0.8664803009364661,70.07575757575758,0.01782077218316057,4
97,2001-04-07,94.31818181818181,0.07563856777160893,0.946969696969697,0.417209591539085,6.25,0.6615648565552501,70.07575757575758,0.01782077218316057,4
98,2001-04-08,95.07575757575758,0.07639554806079474,1.1363636363636365,0.41658335172684335,8.333333333333334,0.7850764697507113,70.07575757575758,0.01782077218316057,4
99,2001-04-09,94.88636363636364,0.07620630298849562,1.1363636363636365,0.41658335172684335,20.833333333333332,0.9658563288548692,70.83333333333333,0.01711644883674683,4
100,2001-04-10,94.88636363636364,0.07620630298849562,1.1363636363636365,0.41658335172684335,18.75,0.49964212404602115,71.02272727272727,0.016940368000144715,4
101,2001-04-11,95.07575757575758,0.1906061486873334,1.1363636363636365,0.41658335172684335,20.833333333333332,0.3342736167134799,71.78030303030303,0.01623604465373625,4
102,2001-04-12,95.83333333333333,0.19086418616528178,1.1363636363636365,0.41658335172684335,25.0,0.02709081504195865,72.34848484848484,0.01570780214392991,4
103,2001-04-13,96.21212121212122,0.25131141094418297,0.946969696969697,0.4175293111950005,27.083333333333332,0.3656454592002323,73.67424242424242,0.014475236287715106,4
104,2001-04-14,96.21212121212122,0.25131141094418297,0.7575757575757576,0.4184752706631585,25.0,0.050318903716974006,75.18939393939394,0.011277822439841148,4
105,2001-04-15,96.78030303030303,0.07823966199369181,0.5681818181818182,0.4194212301313156,27.083333333333332,1.670653641593903,74.81060606060606,0.011602674690840612,4
106,2001-04-16,96.96969696969697,0.07849535835127952,0.5681818181818182,0.5027540959680508,27.083333333333332,0.22442485782785226,74.81060606060606,0.011602674690840612,4
107,2001-04-17,96.78030303030303,0.07823966199369181,0.3787878787878788,0.5038587847044687,33.333333333333336,0.6827364970931757,75.18939393939394,0.011277822439841148,4
108,2001-04-18,97.34848484848484,0.07790837455354449,0.7575757575757576,0.5016494072316329,33.333333333333336,0.0580558382066787,76.13636363636364,0.010465691812371726,4
109,2001-04-19,97.1590909090909,0.07757422273072478,0.7575757575757576,0.1679149281042589,33.333333333333336,1.4212294784460777,76.13636363636364,0.010465691812371726,4
110,2001-04-20,97.72727272727273,0.07857667819916259,0.7575757575757576,0.1679149281042589,31.25,1.1652213855063742,75.75757575757575,0.01079054406335657,4
111,2001-04-21,98.29545454545455,0.024669890802339722,0.946969696969697,0.16738982775933664,29.166666666666668,0.4072196621748052,76.32575757575758,0.010303265686876869,4
112,2001-04-22,98.10606060606061,0.024441537135334812,0.946969696969697,0.16738982775933664,29.166666666666668,1.4383307144330146,75.56818181818181,0.010952970188851429,4
113,2001-04-23,98.10606060606061,0.024441537135334812,1.1363636363636365,0.16686472741441438,29.166666666666668,0.002561247321017035,74.62121212121212,0.0117651008163306,4
114,2001-04-24,98.29545454545455,0.024669890802339722,1.1363636363636365,0.13696009005849685,27.083333333333332,0.9752940083692181,73.10606060606061,0.013064509820289468,4
115,2001-04-25,98.48484848484848,0.024898244469333974,1.1363636363636365,0.13696009005849685,27.083333333333332,0.7711367383090995,71.78030303030303,0.03823632817450325,4
116,2001-04-26,98.67424242424242,0.024592280199758676,1.1363636363636365,0.13696009005849685,27.083333333333332,0.27162686992061325,72.72727272727273,0.03661765944382624,4
117,2001-04-27,98.86363636363636,0.024896965000543503,1.3257575757575757,0.13732553292288863,29.166666666666668,0.07770532462104995,73.29545454545455,0.0356464582054045,4
118,2001-04-28,99.24242424242425,0.025065131119671236,1.7045454545454546,0.13662798213966454,29.166666666666668,0.4339069227882266,73.48484848484848,0.03532272445926715,4
119,2001-04-29,99.24242424242425,0.025065131119671236,1.5151515151515151,0.0326052042656908,29.166666666666668,0.8674069832074149,74.24242424242425,0.03402778947472749,4
120,2001-04-30,99.62121212121212,0.02589510246250981,1.7045454545454546,0.03245714339958994,31.25,1.520857069804416,73.86363636363636,0.03467525696699246,4
121,2001-05-01,99.43181818181819,0.025812988039440654,2.0833333333333335,0.03216102166738821,0.0,12.784510489594954,73.29545454545455,0.012673404853113678,5
122,2001-05-02,99.43181818181819,0.21857400669211557,2.0833333333333335,0.03216102166738821,0.0,10.553224194042215,73.48484848484848,0.01251260056337542,5
123,2001-05-03,99.62121212121212,0.21924519912581175,2.462121212121212,0.0318648999351856,0.0,8.874996199551191,74.43181818181819,0.011708579114688958,5
124,2001-05-04,99.62121212121212,0.21924519912581175,2.6515151515151514,0.031716839069084735,0.0,7.956244684614983,75.75757575757575,0.010582949086511499,5
125,2001-05-05,99.62121212121212,0.21924519912581175,3.0303030303030303,0.03142071733688301,0.0,5.1272226646229235,77.08333333333333,0.009457319058343695,5
126,2001-05-06,99.62121212121212,0.21924519912581175,3.787878787878788,0.03082847387247778,0.0,4.790947269599954,78.78787878787878,0.008010080450699371,5
127,2001-05-07,99.43181818181819,0.21857400669211557,4.356060606060606,0.03038429127417519,0.0,2.9469831831666475,78.21969696969697,0.008492493319918972,5
128,2001-05-08,99.43181818181819,0.21857400669211557,4.924242424242424,0.030425304440679035,0.0,1.603347477987306,77.65151515151516,0.008974906189133746,5
129,2001-05-09,99.43181818181819,0.21857400669211557,4.924242424242424,0.030425304440679035,2.0833333333333335,1.2132702288106145,77.27272727272727,0.009296514768605437,5
130,2001-05-10,99.62121212121212,0.21924519912581175,4.924242424242424,0.04129029766028758,2.0833333333333335,0.4851337653433152,75.9469696969697,0.010422144796778067,5
131,2001-05-11,99.62121212121212,0.21924519912581175,5.303030303030303,0.04098821185364887,4.166666666666667,0.0246346927264689,75.18939393939394,0.011065361955726273,5
132,2001-05-12,99.81060606060606,1.0314335399187051,5.113636363636363,0.04113925475696778,12.5,0.7831636434142357,75.0,0.045318287013506056,5
133,2001-05-13,99.81060606060606,1.0314335399187051,5.303030303030303,0.04098821185364887,16.666666666666668,0.05418548202171358,74.43181818181819,0.04657552080927899,5
134,2001-05-14,99.81060606060606,1.0314335399187051,5.303030303030303,0.02878928109682466,25.0,1.9053731251875803,73.10606060606061,0.04950906633270725,5
135,2001-05-15,99.81060606060606,0.4165533439834128,5.871212121212121,0.028409345971406985,20.833333333333332,0.8383420759728519,71.5909090909091,0.05286168978808078,5
136,2001-05-16,99.81060606060606,0.4165533439834128,7.196969696969697,0.027522830678765153,18.75,2.139397084617652,70.64393939393939,0.05495707944768138,5
137,2001-05-17,99.81060606060606,0.4165533439834128,8.712121212121213,0.023732393583019373,16.666666666666668,0.19814579044181002,69.88636363636364,0.05663339117536185,5
138,2001-05-18,100.0,0.4179927674892383,10.227272727272727,0.022765329128426437,14.583333333333334,0.03033895771009476,70.83333333333333,0.04834749617860476,5
139,2001-05-19,100.0,0.4179927674892383,11.931818181818182,0.016863687050930665,14.583333333333334,0.6223804755351114,70.64393939393939,0.017901596529940084,5
140,2001-05-20,100.0,0.4179927674892383,13.825757575757576,0.011790927393930062,18.75,2.5017688766551966,70.83333333333333,0.017721586229741695,5
141,2001-05-21,100.0,0.4179927674892383,15.909090909090908,0.009695668858801021,16.666666666666668,0.6119475107330477,70.64393939393939,0.017901596529940084,5
142,2001-05-22,100.0,0.4179927674892383,18.181818181818183,0.0030114789104009887,14.583333333333334,0.2507909297851185,71.02272727272727,0.017541575929548706,5
143,2001-05-23,100.0,0.4179927674892383,21.96969696969697,0.004396516106873527,14.583333333333334,2.3633226391088975,70.83333333333333,0.017721586229741695,5
144,2001-05-24,100.0,0.4179927674892383,25.37878787878788,0.003054765611147481,14.583333333333334,1.2726632770403263,70.83333333333333,0.017721586229741695,5
145,2001-05-25,100.0,0.4179927674892383,28.03030303030303,0.0020111818922501357,14.583333333333334,0.43129357399053525,71.96969696969697,0.016641524428589176,5
146,2001-05-26,100.0,1.9064528922039585,30.681818181818183,0.0014582671447476159,12.5,0.389157240262044,74.43181818181819,0.014301390526080334,5
147,2001-05-27,100.0,1.9064528922039585,32.57575757575758,0.0027879354557125424,14.583333333333334,1.0540525558553302,75.18939393939394,0.013581349325297578,5
148,2001-05-28,100.0,1.9064528922039585,34.65909090909091,0.0021320657523924424,14.583333333333334,0.1903944905210686,74.62121212121212,0.014121380225881946,5
149,2001-05-29,100.0,1.9064528922039585,36.17424242424242,0.0016550696045243285,18.75,0.03762863763500235,74.24242424242425,0.014481400826273324,5
150,2001-05-30,100.0,1.9064528922039585,37.68939393939394,0.0011780734566562145,18.75,1.916388851869435,73.48484848484848,0.015309076632268536,5
151,2001-05-31,100.0,1.9064528922039585,39.20454545454545,0.0007010773087872124,16.666666666666668,0.649495807748627,71.78030303030303,0.016936088701484407,5
152,2001-06-01,100.0,1.9064528922039585,41.85606060606061,0.00013366594998220904,0.0,12.703604944883983,71.78030303030303,0.016936088701484407,6
153,2001-06-02,100.0,2.606602310526057,44.31818181818182,0.0006861551981769409,0.0,10.76894930316888,71.5909090909091,0.017116867820291592,6
154,2001-06-03,100.0,3.1997779531664605,44.88636363636363,0.003716542336968942,0.0,9.623211586678602,72.34848484848484,0.016393751345079116,6
155,2001-06-04,100.0,3.1997779531664605,45.45454545454545,0.0038683139945714373,0.0,7.247715502391264,72.1590909090909,0.016574530463880875,6
156,2001-06-05,100.0,3.1997779531664605,46.40151515151515,0.004121266757242559,0.0,6.665324315563289,71.78030303030303,0.016936088701484407,6
157,2001-06-06,100.0,3.1997779531664605,46.96969696969697,0.004273038414845942,0.0,5.78653382185024,71.21212121212122,0.017478426057895118,6
158,2001-06-07,100.0,3.1997779531664605,47.916666666666664,0.00891892360164448,0.0,4.541609376702219,69.50757575757575,0.019105438127105565,6
159,2001-06-08,100.0,3.5467492754313525,48.67424242424242,0.009190739288841954,0.0,4.297090043198978,69.6969696969697,0.04937811048087748,6
160,2001-06-09,100.0,3.5467492754313525,50.0,0.009666416741438866,0.0,3.567617824915736,68.93939393939394,0.050862563242886884,6
161,2001-06-10,100.0,3.5467492754313525,50.946969696969695,0.010006186350438817,0.0,3.1268481977499185,68.75,0.05123367643340316,6
162,2001-06-11,100.0,3.5467492754313525,52.27272727272727,0.010481863803034841,0.0,2.2368742981498,70.83333333333333,0.047151431337835524,6
163,2001-06-12,100.0,3.5467492754313525,52.46212121212121,0.005246014112377573,0.0,1.068384258612216,71.02272727272727,0.046780318147330385,6
164,2001-06-13,100.0,4.286833974211788,52.65151515151515,0.005293818670007333,2.0833333333333335,1.238647225276999,70.26515151515152,0.04826477090936207,6
165,2001-06-14,100.0,4.286833974211788,54.54545454545455,0.007746487327575657,0.0,0.5411618381031573,69.6969696969697,0.04937811048087748,6
166,2001-06-15,100.0,4.80037813574512,56.628787878787875,0.006604196202257384,0.0,0.24298949387861768,70.07575757575758,0.04863588409986721,6
167,2001-06-16,100.0,4.80037813574512,59.28030303030303,0.007084404338839612,0.0,0.38224612420420456,70.07575757575758,0.04863588409986721,6
168,2001-06-17,100.0,4.4356606417817375,61.36363636363637,0.007461710731866411,4.166666666666667,1.4624940625554679,69.31818181818181,0.05012033686187661,6
169,2001-06-18,100.0,4.4356606417817375,63.06818181818182,0.00777041596252559,2.0833333333333335,0.1999547591417823,70.64393939393939,0.0475225445283518,6
170,2001-06-19,100.0,4.4356606417817375,64.20454545454545,0.007976219449632005,6.25,0.11270823976334832,71.40151515151516,0.03985337845524479,6
171,2001-06-20,100.0,4.4356606417817375,64.58333333333333,0.008044820612001402,10.416666666666666,0.2539695099450725,72.1590909090909,0.038532759158408515,6
172,2001-06-21,100.0,4.4356606417817375,65.3409090909091,0.008182022936737532,10.416666666666666,0.16948522520349307,74.24242424242425,0.03490105609214592,6
173,2001-06-22,100.0,4.4356606417817375,66.28787878787878,0.00835352584266058,12.5,1.2134777751783243,74.24242424242425,0.03490105609214592,6
174,2001-06-23,100.0,4.4356606417817375,67.04545454545455,0.008490728167397599,8.333333333333334,0.3772210917904495,74.62121212121212,0.03424074644372283,6
175,2001-06-24,100.0,4.4356606417817375,67.8030303030303,0.008627930492135505,8.333333333333334,0.03073561851157791,75.37878787878788,0.03292012714689647,6
176,2001-06-25,100.0,4.4356606417817375,67.99242424242425,0.0029141301004269593,8.333333333333334,0.2511221641432275,76.13636363636364,0.031599507850070103,6
177,2001-06-26,100.0,4.4356606417817375,68.18181818181819,0.007701318967738402,8.333333333333334,0.15011205550471374,76.70454545454545,0.03060904337745033,6
178,2001-06-27,100.0,4.4356606417817375,67.04545454545455,0.01581685512012676,10.416666666666666,1.4570736071529424,76.70454545454545,0.03060904337745033,6
179,2001-06-28,100.0,4.88909204791247,66.28787878787878,0.02703110660131447,10.416666666666666,0.9674142543375073,76.89393939393939,0.03027888855324374,6
180,2001-06-29,100.0,4.88909204791247,65.9090909090909,0.026803560560722417,6.25,0.1618780974251628,76.70454545454545,0.03060904337745033,6
181,2001-06-30,100.0,4.88909204791247,66.09848484848484,0.03147353729352709,6.25,0.1946036398379114,75.9469696969697,0.045007378903777845,6
182,2001-07-01,100.0,4.88909204791247,67.61363636363636,0.03159863247475059,0.0,13.341637487197051,75.9469696969697,0.040329260598533916,7
183,2001-07-02,100.0,4.88909204791247,68.56060606060606,0.032220314309159725,0.0,11.264452465753966,74.62121212121212,0.043103314332308754,7
184,2001-07-03,100.0,4.88909204791247,70.07575757575758,0.008374944873914991,0.0,9.189830344703985,74.0530303030303,0.04429219450392654,7
185,2001-07-04,100.0,4.88909204791247,71.40151515151516,0.0016357273459135513,0.0,8.197020281850318,73.10606060606061,0.04627366145662285,7
186,2001-07-05,100.0,4.88909204791247,71.40151515151516,0.0016357273459135513,0.0,8.544602563646684,73.67424242424242,0.024262367925788314,7
187,2001-07-06,100.0,4.88909204791247,71.21212121212122,0.0016263561915330627,0.0,8.217217776100895,72.34848484848484,0.025987810914855296,7
188,2001-07-07,100.0,4.88909204791247,71.21212121212122,0.0016263561915330627,0.0,6.8243339916065295,72.1590909090909,0.026234302770436292,7
189,2001-07-08,100.0,4.88909204791247,72.91666666666667,0.0017106965809619012,0.0,6.052372459658216,71.5909090909091,0.026973778337186685,7
190,2001-07-09,100.0,6.4490558987805,74.24242424242425,0.0017762946616288744,0.0,5.7162043236389515,71.21212121212122,0.027466762048348685,7
191,2001-07-10,100.0,4.86902136522815,74.81060606060606,0.0018044081247721167,0.0,5.370220210280973,71.02272727272727,0.027713253903922284,7
192,2001-07-11,100.0,4.86902136522815,75.18939393939394,0.0018231504335348703,0.0,5.082098268068258,70.64393939393939,0.028206237615091674,7
193,2001-07-12,100.0,4.86902136522815,75.56818181818181,0.0018418927422967357,0.0,4.149226278326953,70.07575757575758,0.02894571318183467,7
194,2001-07-13,100.0,4.86902136522815,75.0,0.0018137792791534935,0.0,2.7400881171250404,70.45454545454545,0.028452729470672677,7
195,2001-07-14,100.0,4.86902136522815,73.48484848484848,0.0017388100441051435,0.0,2.182944716222398,70.07575757575758,0.02894571318183467,7
196,2001-07-15,100.0,4.86902136522815,71.78030303030303,0.0033360614221864537,0.0,1.8596133263062384,70.45454545454545,0.028452729470672677,7
197,2001-07-16,100.0,4.86902136522815,71.21212121212122,0.00324303836857176,0.0,2.636519197294824,69.31818181818181,0.07619394605125923,7
198,2001-07-17,100.0,4.86902136522815,69.88636363636364,0.0033429289769211223,0.0,2.0125558662253447,69.88636363636364,0.07459776186514196,7
199,2001-07-18,100.0,4.86902136522815,67.99242424242425,0.0030527857416116078,0.0,1.4425706083583254,69.12878787878788,0.07672600744665295,7
200,2001-07-19,100.0,4.86902136522815,65.53030303030303,0.015966612307257044,0.0,0.4474772388240318,70.45454545454545,0.07300157767900871,7
201,2001-07-20,100.0,4.86902136522815,64.01515151515152,0.015427191065330526,2.0833333333333335,5.724858217222279,71.40151515151516,0.04634999158081613,7
202,2001-07-21,100.0,5.364054603353338,63.25757575757576,0.015157480444368154,2.0833333333333335,5.240310115817007,72.91666666666667,0.03913577722619044,7
203,2001-07-22,100.0,5.364054603353338,62.121212121212125,0.014752914512924598,2.0833333333333335,5.148282603320974,75.0,0.03535610205493867,7
204,2001-07-23,100.0,5.364054603353338,59.84848484848485,0.01592142119435458,2.0833333333333335,4.651827237177292,76.13636363636364,0.03329446105244333,7
205,2001-07-24,100.0,3.4650211859043907,58.333333333333336,0.015456627822026725,2.0833333333333335,4.573660887482216,76.32575757575758,0.03295085421869411,7
206,2001-07-25,100.0,3.4650211859043907,56.06060606060606,0.014759437763533612,2.0833333333333335,2.850177422164501,76.70454545454545,0.03226364055119567,7
207,2001-07-26,100.0,3.4650211859043907,54.92424242424242,0.014410842734289275,2.0833333333333335,2.6413800928343,77.27272727272727,0.012502010076340222,7
208,2001-07-27,100.0,3.4650211859043907,53.78787878787879,0.014062247705043163,2.0833333333333335,2.363806497400537,79.16666666666667,0.010626842569985568,7
209,2001-07-28,100.0,3.4650211859043907,53.03030303030303,0.01543672317924294,2.0833333333333335,1.4411455491907272,79.16666666666667,0.010626842569985568,7
210,2001-07-29,100.0,3.4650211859043907,52.27272727272727,0.01518137117650209,2.0833333333333335,3.2134313591652415,79.35606060606061,0.010439325819343913,7
211,2001-07-30,100.0,3.4650211859043907,52.083333333333336,0.015117533175814657,2.0833333333333335,2.4817290580923377,77.65151515151516,0.012126976575073794,7
212,2001-07-31,100.0,3.4650211859043907,51.515151515151516,0.014926019173759464,2.0833333333333335,2.2530617721827273,78.03030303030303,0.011751943073796107,7
213,2001-08-01,100.0,3.4650211859043907,50.946969696969695,0.014734505171706047,0.0,12.094804586809401,77.8409090909091,0.011939459824437766,8
214,2001-08-02,100.0,3.4650211859043907,49.81060606060606,0.014351477167593885,0.0,11.548717788430956,76.13636363636364,0.013627110580162015,8
215,2001-08-03,100.0,3.4650211859043907,48.86363636363637,0.0021592341161431605,0.0,10.699553053514054,74.81060606060606,0.014939727834619837,8
216,2001-08-04,100.0,4.504213125312276,48.67424242424242,0.0020514218449099175,0.0,8.779765541825116,75.18939393939394,0.014564694333336526,8
217,2001-08-05,100.0,4.504213125312276,49.621212121212125,0.0009080105972492092,0.0,7.479162047260713,75.18939393939394,0.014564694333336526,8
218,2001-08-06,100.0,4.504213125312276,49.43181818181818,0.013288599085119479,0.0,6.9118334175077205,73.48484848484848,0.05087004013269273,8
219,2001-08-07,100.0,3.203168009422768,48.67424242424242,0.013584570141737196,0.0,5.365278583737789,71.5909090909091,0.05521790014218011,8
220,2001-08-08,100.0,3.203168009422768,47.916666666666664,0.013880541198354912,0.0,4.3003747527934735,70.45454545454545,0.0578266161478647,8
221,2001-08-09,100.0,3.203168009422768,47.34848484848485,0.003937014831469909,0.0,3.0339062740571947,70.07575757575758,0.0436227184139473,8
222,2001-08-10,100.0,3.203168009422768,46.21212121212121,0.0027159362840709633,0.0,1.4620764318480397,70.45454545454545,0.04294394982642962,8
223,2001-08-11,100.0,3.203168009422768,45.265151515151516,0.0026498881738588054,2.0833333333333335,3.505310643806471,68.56060606060606,0.046337792764028184,8
224,2001-08-12,100.0,3.203168009422768,43.93939393939394,0.0025574208195617842,0.0,2.167382584610756,67.04545454545455,0.049052867114088704,8
225,2001-08-13,100.0,3.203168009422768,43.75,0.0025442111975193527,0.0,0.6630027092815478,67.61363636363636,0.04803471423281219,8
226,2001-08-14,100.0,3.203168009422768,43.56060606060606,0.002531001575476921,0.0,0.2816642662536779,68.75,0.04599840847025916,8
227,2001-08-15,100.0,3.203168009422768,42.99242424242424,0.0024913727093496263,8.333333333333334,3.2805361231277086,68.56060606060606,0.046337792764028184,8
228,2001-08-16,100.0,3.203168009422768,42.42424242424242,0.0024517438432223315,8.333333333333334,2.0952185276181616,67.8030303030303,0.04769532993905335,8
229,2001-08-17,100.0,3.203168009422768,42.04545454545455,0.0028335076341869936,6.25,0.7114108461435276,70.07575757575758,0.0436227184139473,8
230,2001-08-18,100.0,4.839749439429909,42.04545454545455,0.0028335076341869936,8.333333333333334,2.4463176285383614,71.02272727272727,0.041925796945142924,8
231,2001-08-19,100.0,4.3822412552037235,41.47727272727273,0.002788362781099174,8.333333333333334,2.248005851687484,72.34848484848484,0.03955010688883106,8
232,2001-08-20,100.0,4.3822412552037235,40.90909090909091,0.0027432179280122426,8.333333333333334,1.1092064510978652,71.96969696969697,0.0411319485998406,8
233,2001-08-21,100.0,4.3822412552037235,39.583333333333336,0.0014055885505328547,10.416666666666666,1.3945195148713143,70.83333333333333,0.04320486543495681,8
234,2001-08-22,100.0,4.3822412552037235,37.878787878787875,0.00123538714963356,10.416666666666666,1.7653869407497318,72.53787878787878,0.04009549018226695,8
235,2001-08-23,100.0,3.129182645442256,36.17424242424242,0.0022335445207462,6.25,0.40420275795844773,73.10606060606061,0.0643731602349017,8
236,2001-08-24,100.0,3.129182645442256,34.46969696969697,0.002094545579633511,6.25,0.021750032434294297,73.10606060606061,0.01623451490431925,8
237,2001-08-25,100.0,3.129182645442256,32.95454545454545,0.001970990965310726,10.416666666666666,0.019549982506926966,73.48484848484848,0.01586501469439957,8
238,2001-08-26,100.0,3.129182645442256,31.439393939393938,0.001847436350987941,10.416666666666666,0.3199346724736909,73.48484848484848,0.01586501469439957,8
239,2001-08-27,100.0,3.129182645442256,29.166666666666668,0.0016621044295028753,8.333333333333334,0.13618140892609176,75.0,0.014387013854720862,8
240,2001-08-28,100.0,3.129182645442256,26.893939393939394,0.011152082239805239,8.333333333333334,0.7730001497106045,73.67424242424242,0.015680264589439732,8
241,2001-08-29,100.0,3.129182645442256,24.053030303030305,0.009898377577548523,8.333333333333334,0.44964656450097173,73.86363636363636,0.015495514484479894,8
242,2001-08-30,100.0,3.129182645442256,22.727272727272727,0.009313315401830558,8.333333333333334,1.89292818159951,73.29545454545455,0.016049764799359406,8
243,2001-08-31,100.0,2.8907428736862357,21.78030303030303,0.002697295805127453,8.333333333333334,0.9443933783395639,73.29545454545455,0.016049764799359406,8
244,2001-09-01,100.0,0.7730992027757111,21.401515151515152,0.002637928540757173,0.0,12.599744918113146,74.62121212121212,0.01475651406464054,9
245,2001-09-02,100.0,0.7730992027757111,20.833333333333332,0.002548877644199976,0.0,9.993990415598104,73.67424242424242,0.015680264589439732,9
246,2001-09-03,100.0,0.7730992027757111,20.075757575757574,0.0007984613892908499,0.0,8.380192141345981,72.91666666666667,0.01641926500928463,9
247,2001-09-04,100.0,0.7730992027757111,19.12878787878788,0.0006307105064893292,0.0,5.590716242006621,73.10606060606061,0.03603680426953066,9
248,2001-09-05,100.0,0.7730992027757111,18.75,0.0005636101533683657,0.0,4.108910660150665,72.72727272727273,0.03668520996347689,9
249,2001-09-06,100.0,0.7730992027757111,18.181818181818183,0.00046295962368692045,0.0,2.5270235720068612,72.91666666666667,0.036361007116508644,9
250,2001-09-07,100.0,0.7730992027757111,17.234848484848484,0.00029520874088539983,0.0,2.288073278175446,72.72727272727273,0.015368627658201869,9
251,2001-09-08,100.0,0.7730992027757111,16.28787878787879,0.00012745785808387922,2.0833333333333335,1.7212886658945106,72.91666666666667,0.015192456632797871,9
252,2001-09-09,100.0,0.7730992027757111,15.530303030303031,6.7428481580478206e-06,2.0833333333333335,0.03004723890834704,73.10606060606061,0.015016285607388586,9
253,2001-09-10,100.0,0.7730992027757111,14.583333333333334,0.00017449373095956844,8.333333333333334,0.6533432052848678,74.43181818181819,0.013783088429565904,9
254,2001-09-11,100.0,0.5925987483047379,13.257575757575758,0.003078384699850112,10.416666666666666,0.7747050369033435,75.37878787878788,0.012902233302540636,9
255,2001-09-12,100.0,0.5925987483047379,12.31060606060606,0.0022923461081036933,8.333333333333334,0.6979782339345384,76.13636363636364,0.012197549200924652,9
256,2001-09-13,100.0,0.5925987483047379,11.363636363636363,0.1468597520680328,12.5,0.03668394701087685,75.9469696969697,0.012373720226328646,9
257,2001-09-14,100.0,0.5925987483047379,10.416666666666666,0.05540897234092057,16.666666666666668,1.351860879512385,77.65151515151516,0.010788180997692682,9
258,2001-09-15,100.0,0.5925987483047379,9.469696969696969,0.056005510379474543,14.583333333333334,0.6224358273658499,77.65151515151516,0.010788180997692682,9
259,2001-09-16,100.0,0.5925987483047379,7.954545454545454,0.056959971241161256,12.5,0.49717859247433793,77.08333333333333,0.011316694073899384,9
260,2001-09-17,100.0,0.5925987483047379,6.818181818181818,0.057675816887425846,14.583333333333334,0.13677391207356848,77.46212121212122,0.01096435202309668,9
261,2001-09-18,100.0,0.5925987483047379,6.25,0.058033739710558585,16.666666666666668,0.010820369882150516,77.27272727272727,0.01145044213234613,9
262,2001-09-19,100.0,0.5925987483047379,5.681818181818182,0.058391662533691324,20.833333333333332,1.1055587770385706,75.9469696969697,0.012701717923404082,9
263,2001-09-20,100.0,0.5925987483047379,5.681818181818182,0.058391662533691324,22.916666666666668,0.8520180911895068,74.0530303030303,0.01448925476776492,9
264,2001-09-21,100.0,0.5925987483047379,5.492424242424242,0.05851097014140194,22.916666666666668,0.12564695055816522,73.10606060606061,0.015383023189945338,9
265,2001-09-22,100.0,0.9565173713783679,5.871212121212121,0.013733017585711771,20.833333333333332,0.5703090165492757,72.91666666666667,0.015561776874386786,9
266,2001-09-23,100.0,0.5343500295944636,5.303030303030303,0.013799765574766809,20.833333333333332,0.7926348277562312,72.72727272727273,0.015740530558822872,9
267,2001-09-24,100.0,0.5343500295944636,4.924242424242424,0.013860742738303955,20.833333333333332,0.7217684897368208,73.29545454545455,0.015204269505509254,9
268,2001-09-25,100.0,0.1917876613979388,4.924242424242424,0.013860742738303955,20.833333333333332,0.07721234749414307,73.67424242424242,0.014846762136637085,9
269,2001-09-26,100.0,0.0130636206872623,4.356060606060606,0.013948858677246712,22.916666666666668,0.8755139747741705,74.43181818181819,0.014131747398898118,9
270,2001-09-27,99.81060606060606,0.008477986222342082,4.545454545454546,0.013918224451723304,20.833333333333332,0.40062674960638844,74.81060606060606,0.035958662741967816,9
271,2001-09-28,99.43181818181819,0.007464559858792796,4.545454545454546,0.013594425046505876,25.0,0.005795319075179606,74.0530303030303,0.03751087326439871,9
272,2001-09-29,98.86363636363636,0.0094142817270928,4.734848484848484,0.013550299179097891,25.0,0.27015638432125755,73.10606060606061,0.03924484674120006,9
273,2001-09-30,98.86363636363636,0.0094142817270928,4.734848484848484,0.013550299179097891,25.0,0.660511098055256,74.81060606060606,0.03612369448296804,9
274,2001-10-01,98.29545454545455,0.012704183696424565,4.734848484848484,0.013550299179097891,0.0,11.233858324334136,75.9469696969697,0.034042926310796,10
275,2001-10-02,98.29545454545455,0.012704183696424565,4.356060606060606,0.013651019035015644,0.0,8.340242331969044,74.62121212121212,0.0364704891783179,10
276,2001-10-03,98.10606060606061,0.012664246252995781,3.409090909090909,0.013988960538160455,0.0,6.8011131563481015,73.10606060606061,0.04272526110605454,10
277,2001-10-04,98.10606060606061,0.012664246252995781,3.2196969696969697,0.014032779651830474,0.0,5.016770815068895,72.72727272727273,0.04346787041741794,10
278,2001-10-05,97.91666666666667,0.01262430880957055,3.2196969696969697,0.014032779651830474,0.0,2.2052009859151482,72.1590909090909,0.04458178438443517,10
279,2001-10-06,97.91666666666667,0.01262430880957055,3.0303030303030303,0.01407659876550138,2.0833333333333335,0.7145643762242546,70.45454545454545,0.047923526285531454,10
280,2001-10-07,97.72727272727273,0.013081487809074588,2.840909090909091,0.014120417879171399,6.25,0.5362747731643509,68.75,0.05126526818661659,10
281,2001-10-08,97.53787878787878,0.013040586961686529,2.272727272727273,0.01425187522018323,18.75,0.006493440665467531,67.61363636363636,0.021646430453622564,10
282,2001-10-09,97.72727272727273,0.013081487809074588,1.893939393939394,0.014339513447524155,25.0,0.4951310337198329,66.85606060606061,0.02238669783265402,10
283,2001-10-10,98.29545454545455,0.01320419035123166,1.7045454545454546,0.014383332561194173,27.083333333333332,0.18694837705438339,66.47727272727273,0.0227568315221753,10
284,2001-10-11,98.29545454545455,0.01320419035123166,1.7045454545454546,0.014383332561194173,22.916666666666668,0.001790716942791093,66.28787878787878,0.022941898366927616,10
285,2001-10-12,98.86363636363636,0.01313128535920427,1.3257575757575757,0.014470970788535098,22.916666666666668,0.6569024424635526,66.28787878787878,0.022941898366927616,10
286,2001-10-13,98.86363636363636,0.01313128535920427,1.3257575757575757,0.17140094636057945,22.916666666666668,3.109946831778217,66.85606060606061,0.02238669783265402,10
287,2001-10-14,99.0530303030303,0.013071726867590172,1.5151515151515151,0.17088118292378507,20.833333333333332,0.3584756251425105,69.12878787878788,0.020165895695559655,10
288,2001-10-15,99.0530303030303,0.04840057252388874,1.7045454545454546,0.1703614194869898,20.833333333333332,0.6939481825019254,69.50757575757575,0.019795762006038366,10
289,2001-10-16,98.86363636363636,0.04823290792775481,1.5151515151515151,0.1873205862103493,22.916666666666668,1.3953218511385028,69.88636363636364,0.019425628316528193,10
290,2001-10-17,98.86363636363636,0.04823290792775481,1.3257575757575757,0.25951843174896183,22.916666666666668,0.5526165517004955,70.45454545454545,0.018870427782254603,10
291,2001-10-18,99.0530303030303,0.09877105790276275,1.3257575757575757,0.25951843174896183,27.083333333333332,2.1799957162561086,71.40151515151516,0.017945093558465283,10
292,2001-10-19,99.0530303030303,0.09902173540490722,1.3257575757575757,0.25951843174896183,20.833333333333332,0.8591452744480428,72.34848484848484,0.030028903500070286,10
293,2001-10-20,99.24242424242425,0.09939594581480193,1.1363636363636365,0.36699209481840356,18.75,0.0726382090683817,73.10606060606061,0.05556454764821527,10
294,2001-10-21,99.24242424242425,0.09939594581480193,0.7575757575757576,0.36880099916263553,18.75,1.2127957067919652,74.0530303030303,0.06420586417455361,10
295,2001-10-22,98.86363636363636,0.09864752499496987,0.5681818181818182,0.3697054513347524,18.75,0.22575615529577675,74.43181818181819,0.06312256688735106,10
296,2001-10-23,98.48484848484848,0.09789910417510939,0.5681818181818182,0.7176611968700355,22.916666666666668,0.0822836671170517,75.56818181818181,0.059872675025662105,10
297,2001-10-24,98.48484848484848,0.09789910417510939,0.3787878787878788,0.9682196477572536,25.0,0.700912896863187,76.51515151515152,0.05716443180763133,10
298,2001-10-25,98.10606060606061,0.09715068335525245,0.1893939393939394,1.0963350899900899,29.166666666666668,0.9556228174414301,76.13636363636364,0.06027262597396713,10
299,2001-10-26,97.91666666666667,0.09797601401738731,0.0,1.1051307295875663,31.25,1.7530054043912031,76.51515151515152,0.059157187466444904,10
300,2001-10-27,98.10606060606061,0.09824117523895382,0.0,1.1051307295875663,29.166666666666668,1.4637260732281288,76.51515151515152,0.059157187466444904,10
301,2001-10-28,97.91666666666667,0.16510290807291028,0.0,1.1051307295875663,27.083333333333332,0.7352504042219188,77.27272727272727,0.05692631045138372,10
302,2001-10-29,96.78030303030303,0.14415964758698863,0.0,1.1051307295875663,33.333333333333336,1.507605787582433,77.08333333333333,0.05748402970514483,10
303,2001-10-30,96.78030303030303,0.042940301141769055,0.0,1.1051307295875663,31.25,0.126606380389779,77.46212121212122,0.05636859119763934,10
304,2001-10-31,96.02272727272727,0.04350544527784095,0.0,0.9106400140878845,29.166666666666668,1.1111582428455442,78.03030303030303,0.054695433436339265,10
305,2001-11-01,95.45454545454545,0.043196217935410175,0.0,0.28219582991959147,0.0,12.448678232637214,78.4090909090909,0.053579994928817036,11
306,2001-11-02,94.88636363636364,0.042886990592982954,0.0,0.28219582991959147,0.0,8.515122162058141,78.4090909090909,0.053579994928817036,11
307,2001-11-03,94.31818181818181,0.0007654925990649986,0.0,0.2581405217085164,0.0,7.427930082640437,78.78787878787878,0.052464556421294814,11
308,2001-11-04,93.37121212121212,0.000669915609186944,0.0,0.2581405217085164,0.0,4.620284713912888,79.16666666666667,0.03204301239952512,11
309,2001-11-05,92.23484848484848,0.0005552232213368313,0.0,0.2581405217085164,0.0,1.029053088177001,80.11363636363636,0.0301319663813555,11
310,2001-11-06,91.47727272727273,0.0008543211526479411,0.0,0.2581405217085164,2.0833333333333335,2.055119582567137,78.78787878787878,0.0328074308067769,11
311,2001-11-07,90.9090909090909,0.0008220122602686786,0.0,0.2581405217085164,4.166666666666667,0.4512726373129503,78.21969696969697,0.009413838530952784,11
312,2001-11-08,90.9090909090909,0.0008220122602686786,0.0,0.2581405217085164,8.333333333333334,0.5869727694221218,78.21969696969697,0.009413838530952784,11
313,2001-11-09,91.28787878787878,0.0008435515218536693,0.0,0.2581405217085164,10.416666666666666,0.20057180962017007,77.8409090909091,0.009751470505403785,11
314,2001-11-10,90.3409090909091,0.0007897033678929688,0.0,0.2581405217085164,12.5,1.3241155953888093,78.03030303030303,0.009582654518173217,11
315,2001-11-11,89.96212121212122,0.000768164106307978,0.0,0.2581405217085164,14.583333333333334,1.8024112996672343,77.65151515151516,0.009920286492629283,11
316,2001-11-12,90.3409090909091,0.0007897033678929688,0.0,0.2581405217085164,18.75,0.21290551345394704,77.46212121212122,0.010089102479854785,11
317,2001-11-13,90.9090909090909,0.0008220122602686786,0.0,0.2581405217085164,18.75,0.20838159936433343,76.32575757575758,0.011101998403207787,11
318,2001-11-14,91.28787878787878,0.014390959882426557,0.0,0.41209220575632344,18.75,0.23693040980447932,74.62121212121212,0.012621342288237287,11
319,2001-11-15,91.66666666666667,0.014468712456707777,0.0,0.41209220575632344,16.666666666666668,0.2067768079699821,74.24242424242425,0.012958974262693353,11
320,2001-11-16,91.85606060606061,0.014507588743850164,0.0,0.41209220575632344,18.75,0.12440733742147358,72.53787878787878,0.014478318147717788,11
321,2001-11-17,92.23484848484848,0.01200994805876121,0.0,0.41209220575632344,20.833333333333332,0.05387101723906973,73.86363636363636,0.013296606237139288,11
322,2001-11-18,91.47727272727273,0.011603185031226815,0.0,0.41209220575632344,27.083333333333332,0.07884200582767065,74.81060606060606,0.1259721404945098,11
323,2001-11-19,90.9090909090909,0.011298112760581347,0.0,0.41209220575632344,25.0,0.41980992549787643,74.43181818181819,0.1280168343365302,11
324,2001-11-20,90.53030303030303,0.011094731246814149,0.0,0.41209220575632344,27.083333333333332,0.26073450289258027,74.0530303030303,0.1300615281785199,11
325,2001-11-21,90.71969696969697,0.010558960436814147,0.0,0.41209220575632344,33.333333333333336,0.4054600929932697,72.91666666666667,0.13619560970461178,11
326,2001-11-22,90.53030303030303,0.010444260260204175,0.0,0.41209220575632344,37.5,0.08752630101018077,72.91666666666667,0.057889460478918804,11
327,2001-11-23,89.39393939393939,0.009756059200508815,0.0,0.41209220575632344,37.5,0.7005582200883627,72.53787878787878,0.05883896342266467,11
328,2001-11-24,89.20454545454545,0.009641359023891738,0.0,0.41209220575632344,33.333333333333336,0.7621416903568452,72.53787878787878,0.05883896342266467,11
329,2001-11-25,89.20454545454545,0.03002218956064695,0.0,1.0096984109176592,31.25,0.3314562432161132,72.72727272727273,0.05836421195079886,11
330,2001-11-26,88.25757575757575,0.029232331665511424,0.0,0.9484223631418258,33.333333333333336,1.58132844779378,73.10606060606061,0.05741470900702451,11
331,2001-11-27,87.68939393939394,0.027451000529868708,0.0,0.9484223631418258,29.166666666666668,0.891611247375808,73.67424242424242,0.055990454591384346,11
332,2001-11-28,86.36363636363636,0.026364966031284354,0.0,0.9484223631418258,29.166666666666668,0.11171068355805858,74.0530303030303,0.055040951647624244,11
333,2001-11-29,86.17424242424242,0.026209818245771288,0.0,0.9484223631418258,31.25,2.545766655899193,73.67424242424242,0.055990454591384346,11
334,2001-11-30,84.6590909090909,0.024968635961680974,0.0,0.9484223631418258,25.0,1.540930993260151,73.67424242424242,0.055990454591384346,11
335,2001-12-01,84.28030303030303,0.0006189701638170675,0.0,0.9484223631418258,0.0,11.725301717211416,74.62121212121212,0.05361669723198408,12
336,2001-12-02,84.28030303030303,0.0006189701638170675,0.0,0.9484223631418258,0.0,8.484316406811075,75.56818181818181,0.05124293987256957,12
337,2001-12-03,83.90151515151516,0.000321094598330518,0.0,0.9484223631418258,0.0,6.526763062159411,74.81060606060606,0.06685560838334934,12
338,2001-12-04,83.90151515151516,0.000321094598330518,0.0,0.9484223631418258,0.0,4.588564780606639,74.62121212121212,0.06743347010049938,12
339,2001-12-05,82.95454545454545,0.00042359431537519754,0.0,0.9484223631418258,0.0,2.5607114616248623,75.37878787878788,0.03885190492132165,12
340,2001-12-06,82.1969696969697,0.0010193454463376384,0.0,0.9484223631418258,0.0,0.7689551182579919,75.56818181818181,0.03847612103730055,12
341,2001-12-07,81.43939393939394,0.0016150965772965264,0.0,1.8985069848658807,6.25,1.1295276792248004,75.0,0.039603472689341286,12
342,2001-12-08,81.81818181818181,0.0013172210118170824,0.0,2.240182443710429,10.416666666666666,0.39201805959106295,75.18939393939394,0.03922768880532019,12
343,2001-12-09,81.62878787878788,0.007252109737851953,0.0,2.240182443710429,8.333333333333334,0.18402861750434596,74.62121212121212,0.01368548431480668,12
344,2001-12-10,81.62878787878788,0.007252109737851953,0.0,2.5905526320075296,8.333333333333334,0.8845361831053573,74.62121212121212,0.01368548431480668,12
345,2001-12-11,82.00757575757575,0.007370227189266387,0.0,2.8879814602543856,10.416666666666666,0.5443858719752548,73.67424242424242,0.014569271042970318,12
346,2001-12-12,81.06060606060606,0.07225716591434406,0.0,2.8879814602543856,16.666666666666668,0.11759970362786909,73.10606060606061,0.015099543079868499,12
347,2001-12-13,79.73484848484848,0.0730762789302446,0.0,2.8879814602543856,18.75,0.11321513816861639,72.72727272727273,0.015453057771139261,12
348,2001-12-14,78.21969696969697,0.07155730673620297,0.0,3.2714948052061086,25.0,1.2592099913893442,73.10606060606061,0.015099543079868499,12
349,2001-12-15,76.70454545454545,0.0700383345421649,0.0,3.0664112773191246,22.916666666666668,0.6014240907260628,73.29545454545455,0.014922785734235772,12
350,2001-12-16,76.32575757575758,0.06965859149365272,0.0,3.0664112773191246,20.833333333333332,0.25732099237692374,72.91666666666667,0.01527630042550653,12
351,2001-12-17,76.51515151515152,0.06984846301790881,0.0,3.0664112773191246,25.0,0.7983537263705038,72.53787878787878,0.015629815116766685,12
352,2001-12-18,77.46212121212122,0.00498770234333179,0.0,2.7198254406149456,20.833333333333332,0.6802549142853831,72.53787878787878,0.015629815116766685,12
353,2001-12-19,76.51515151515152,0.004842869395599081,0.0,2.7198254406149456,27.083333333333332,0.014625580744988653,72.91666666666667,0.01527630042550653,12
354,2001-12-20,76.51515151515152,0.004842869395599081,0.0,2.7198254406149456,31.25,0.37732504050028126,72.91666666666667,0.05439879521168214,12
355,2001-12-21,75.9469696969697,0.004755969626963008,0.0,2.7198254406149456,31.25,0.16898060959598737,74.24242424242425,0.05124640663488982,12
356,2001-12-22,75.0,0.004611136679230299,0.0,2.7198254406149456,37.5,0.8516992783513953,74.62121212121212,0.08089379643476234,12
357,2001-12-23,75.0,0.004611136679230299,0.0,2.7198254406149456,37.5,0.7684144718222665,75.37878787878788,0.03713811900232593,12
358,2001-12-24,74.43181818181819,0.009164363131713316,0.0,2.7198254406149456,39.583333333333336,2.1744519186768265,74.81060606060606,0.03822592174854333,12
359,2001-12-25,75.18939393939394,0.022840264050753234,0.0,2.7198254406149456,37.5,0.42068549342014094,74.0530303030303,0.039676325410141135,12
360,2001-12-26,75.56818181818181,0.022362783278996545,0.0,2.7198254406149456,33.333333333333336,0.0632679314509943,73.86363636363636,0.02470126397256729,12
361,2001-12-27,75.18939393939394,0.02513822001638033,0.0,,31.25,0.45300214417399687,75.37878787878788,0.022689596495898474,12
362,2001-12-28,72.53787878787878,0.021667250247737968,0.0,,29.166666666666668,0.9663544389431991,75.9469696969697,0.021935221192147664,12
363,2001-12-29,70.45454545454545,0.013696680150392382,0.0,,33.333333333333336,0.20291175851257748,76.32575757575758,0.02143230432298046,12
364,2001-12-30,70.07575757575758,0.013079074403197666,0.0,,29.166666666666668,0.32320617947629593,75.75757575757575,0.022186679626723722,12
365,2001-12-31,69.12878787878788,0.011535060035210876,0.0,,31.25,0.9543360050670984,75.9469696969697,0.021935221192147664,12
