month,state,year,temp,precip,rest,rest_cum,rain,tmax,tmin,radn,pet,doy,sma,tmean,month_mapper,prev_temp,prev_precip,prev_rest_cum
1,AT-AP,0.3125,0.3125,0.3125,0.3125,0.3125,0.3125,0.3125,0.3125,0.3125,0.3125,0.3125,0.3125,0.3125,0.3125,0.3125,0.3125,0.3125
1,AT-D,0.10416666666666667,0.10416666666666667,0.10416666666666667,0.10416666666666667,0.10416666666666667,0.10416666666666667,0.10416666666666667,0.10416666666666667,0.10416666666666667,0.10416666666666667,0.10416666666666667,0.10416666666666667,0.10416666666666667,0.10416666666666667,0.10416666666666667,0.10416666666666667,0.10416666666666667
1,AT-W,0.08333333333333333,0.08333333333333333,0.08333333333333333,0.08333333333333333,0.08333333333333333,0.08333333333333333,0.08333333333333333,0.08333333333333333,0.08333333333333333,0.08333333333333333,0.08333333333333333,0.08333333333333333,0.08333333333333333,0.08333333333333333,0.08333333333333333,0.08333333333333333,0.08333333333333333
1,C-AP,0.10416666666666667,0.10416666666666667,0.10416666666666667,0.10416666666666667,0.10416666666666667,0.10416666666666667,0.10416666666666667,0.10416666666666667,0.10416666666666667,0.10416666666666667,0.10416666666666667,0.10416666666666667,0.10416666666666667,0.10416666666666667,0.10416666666666667,0.10416666666666667,0.10416666666666667
1,C-D,0.020833333333333332,0.020833333333333332,0.020833333333333332,0.020833333333333332,0.020833333333333332,0.020833333333333332,0.020833333333333332,0.020833333333333332,0.020833333333333332,0.020833333333333332,0.020833333333333332,0.020833333333333332,0.020833333333333332,0.020833333333333332,0.020833333333333332,0.020833333333333332,0.020833333333333332
1,C-W,0.125,0.125,0.125,0.125,0.125,0.125,0.125,0.125,0.125,0.125,0.125,0.125,0.125,0.125,0.10416666666666667,0.10416666666666667,0.10416666666666667
1,H-AP,0.08333333333333333,0.08333333333333333,0.08333333333333333,0.08333333333333333,0.08333333333333333,0.08333333333333333,0.08333333333333333,0.08333333333333333,0.08333333333333333,0.08333333333333333,0.08333333333333333,0.08333333333333333,0.08333333333333333,0.08333333333333333,0.08333333333333333,0.08333333333333333,0.08333333333333333
1,H-D,0.125,0.125,0.125,0.125,0.125,0.125,0.125,0.125,0.125,0.125,0.125,0.125,0.125,0.125,0.125,0.125,0.125
1,H-W,0.041666666666666664,0.041666666666666664,0.041666666666666664,0.041666666666666664,0.041666666666666664,0.041666666666666664,0.041666666666666664,0.041666666666666664,0.041666666666666664,0.041666666666666664,0.041666666666666664,0.041666666666666664,0.041666666666666664,0.041666666666666664,0.041666666666666664,0.041666666666666664,0.041666666666666664
2,AT-AP,0.3333333333333333,0.3333333333333333,0.3333333333333333,0.3333333333333333,0.3333333333333333,0.3333333333333333,0.3333333333333333,0.3333333333333333,0.3333333333333333,0.3333333333333333,0.3333333333333333,0.3333333333333333,0.3333333333333333,0.3333333333333333,0.3333333333333333,0.3333333333333333,0.3333333333333333
2,AT-D,0.08333333333333333,0.08333333333333333,0.08333333333333333,0.08333333333333333,0.08333333333333333,0.08333333333333333,0.08333333333333333,0.08333333333333333,0.08333333333333333,0.08333333333333333,0.08333333333333333,0.08333333333333333,0.08333333333333333,0.08333333333333333,0.08333333333333333,0.08333333333333333,0.08333333333333333
2,AT-W,0.08333333333333333,0.08333333333333333,0.08333333333333333,0.08333333333333333,0.08333333333333333,0.08333333333333333,0.08333333333333333,0.08333333333333333,0.08333333333333333,0.08333333333333333,0.08333333333333333,0.08333333333333333,0.08333333333333333,0.08333333333333333,0.08333333333333333,0.08333333333333333,0.08333333333333333
2,C-AP,0.10416666666666667,0.10416666666666667,0.10416666666666667,0.10416666666666667,0.10416666666666667,0.10416666666666667,0.10416666666666667,0.10416666666666667,0.10416666666666667,0.10416666666666667,0.10416666666666667,0.10416666666666667,0.10416666666666667,0.10416666666666667,0.10416666666666667,0.10416666666666667,0.10416666666666667
2,C-W,0.14583333333333334,0.14583333333333334,0.14583333333333334,0.14583333333333334,0.14583333333333334,0.14583333333333334,0.14583333333333334,0.14583333333333334,0.14583333333333334,0.14583333333333334,0.14583333333333334,0.14583333333333334,0.14583333333333334,0.14583333333333334,0.14583333333333334,0.14583333333333334,0.14583333333333334
2,H-AP,0.0625,0.0625,0.0625,0.0625,0.0625,0.0625,0.0625,0.0625,0.0625,0.0625,0.0625,0.0625,0.0625,0.0625,0.0625,0.0625,0.0625
2,H-D,0.16666666666666666,0.16666666666666666,0.16666666666666666,0.16666666666666666,0.16666666666666666,0.16666666666666666,0.16666666666666666,0.16666666666666666,0.16666666666666666,0.16666666666666666,0.16666666666666666,0.16666666666666666,0.16666666666666666,0.16666666666666666,0.16666666666666666,0.16666666666666666,0.16666666666666666
2,H-W,0.020833333333333332,0.020833333333333332,0.020833333333333332,0.020833333333333332,0.020833333333333332,0.020833333333333332,0.020833333333333332,0.020833333333333332,0.020833333333333332,0.020833333333333332,0.020833333333333332,0.020833333333333332,0.020833333333333332,0.020833333333333332,0.020833333333333332,0.020833333333333332,0.020833333333333332
3,AT-AP,0.3333333333333333,0.3333333333333333,0.3333333333333333,0.3333333333333333,0.3333333333333333,0.3333333333333333,0.3333333333333333,0.3333333333333333,0.3333333333333333,0.3333333333333333,0.3333333333333333,0.3333333333333333,0.3333333333333333,0.3333333333333333,0.3333333333333333,0.3333333333333333,0.3333333333333333
3,AT-D,0.10416666666666667,0.10416666666666667,0.10416666666666667,0.10416666666666667,0.10416666666666667,0.10416666666666667,0.10416666666666667,0.10416666666666667,0.10416666666666667,0.10416666666666667,0.10416666666666667,0.10416666666666667,0.10416666666666667,0.10416666666666667,0.10416666666666667,0.10416666666666667,0.10416666666666667
3,AT-W,0.0625,0.0625,0.0625,0.0625,0.0625,0.0625,0.0625,0.0625,0.0625,0.0625,0.0625,0.0625,0.0625,0.0625,0.0625,0.0625,0.0625
3,C-AP,0.0625,0.0625,0.0625,0.0625,0.0625,0.0625,0.0625,0.0625,0.0625,0.0625,0.0625,0.0625,0.0625,0.0625,0.0625,0.0625,0.0625
3,C-D,0.041666666666666664,0.041666666666666664,0.041666666666666664,0.041666666666666664,0.041666666666666664,0.041666666666666664,0.041666666666666664,0.041666666666666664,0.041666666666666664,0.041666666666666664,0.041666666666666664,0.041666666666666664,0.041666666666666664,0.041666666666666664,0.041666666666666664,0.041666666666666664,0.041666666666666664
3,C-W,0.14583333333333334,0.14583333333333334,0.14583333333333334,0.14583333333333334,0.14583333333333334,0.14583333333333334,0.14583333333333334,0.14583333333333334,0.14583333333333334,0.14583333333333334,0.14583333333333334,0.14583333333333334,0.14583333333333334,0.14583333333333334,0.14583333333333334,0.14583333333333334,0.14583333333333334
3,H-AP,0.10416666666666667,0.10416666666666667,0.10416666666666667,0.10416666666666667,0.10416666666666667,0.10416666666666667,0.10416666666666667,0.10416666666666667,0.10416666666666667,0.10416666666666667,0.10416666666666667,0.10416666666666667,0.10416666666666667,0.10416666666666667,0.10416666666666667,0.10416666666666667,0.10416666666666667
3,H-D,0.10416666666666667,0.10416666666666667,0.10416666666666667,0.10416666666666667,0.10416666666666667,0.10416666666666667,0.10416666666666667,0.10416666666666667,0.10416666666666667,0.10416666666666667,0.10416666666666667,0.10416666666666667,0.10416666666666667,0.10416666666666667,0.10416666666666667,0.10416666666666667,0.10416666666666667
3,H-W,0.041666666666666664,0.041666666666666664,0.041666666666666664,0.041666666666666664,0.041666666666666664,0.041666666666666664,0.041666666666666664,0.041666666666666664,0.041666666666666664,0.041666666666666664,0.041666666666666664,0.041666666666666664,0.041666666666666664,0.041666666666666664,0.041666666666666664,0.041666666666666664,0.041666666666666664
4,AT-AP,0.25,0.25,0.25,0.25,0.25,0.25,0.25,0.25,0.25,0.25,0.25,0.25,0.25,0.25,0.25,0.25,0.25
4,AT-D,0.14583333333333334,0.14583333333333334,0.14583333333333334,0.14583333333333334,0.14583333333333334,0.14583333333333334,0.14583333333333334,0.14583333333333334,0.14583333333333334,0.14583333333333334,0.14583333333333334,0.14583333333333334,0.14583333333333334,0.14583333333333334,0.14583333333333334,0.14583333333333334,0.14583333333333334
4,AT-W,0.10416666666666667,0.10416666666666667,0.10416666666666667,0.10416666666666667,0.10416666666666667,0.10416666666666667,0.10416666666666667,0.10416666666666667,0.10416666666666667,0.10416666666666667,0.10416666666666667,0.10416666666666667,0.10416666666666667,0.10416666666666667,0.10416666666666667,0.10416666666666667,0.10416666666666667
4,C-AP,0.10416666666666667,0.10416666666666667,0.10416666666666667,0.10416666666666667,0.10416666666666667,0.10416666666666667,0.10416666666666667,0.10416666666666667,0.10416666666666667,0.10416666666666667,0.10416666666666667,0.10416666666666667,0.10416666666666667,0.10416666666666667,0.10416666666666667,0.10416666666666667,0.10416666666666667
4,C-D,0.020833333333333332,0.020833333333333332,0.020833333333333332,0.020833333333333332,0.020833333333333332,0.020833333333333332,0.020833333333333332,0.020833333333333332,0.020833333333333332,0.020833333333333332,0.020833333333333332,0.020833333333333332,0.020833333333333332,0.020833333333333332,0.020833333333333332,0.020833333333333332,0.020833333333333332
4,C-W,0.125,0.125,0.125,0.125,0.125,0.125,0.125,0.125,0.125,0.125,0.125,0.125,0.125,0.125,0.125,0.125,0.125
4,H-AP,0.14583333333333334,0.14583333333333334,0.14583333333333334,0.14583333333333334,0.14583333333333334,0.14583333333333334,0.14583333333333334,0.14583333333333334,0.14583333333333334,0.14583333333333334,0.14583333333333334,0.14583333333333334,0.14583333333333334,0.14583333333333334,0.14583333333333334,0.14583333333333334,0.14583333333333334
4,H-D,0.08333333333333333,0.08333333333333333,0.08333333333333333,0.08333333333333333,0.08333333333333333,0.08333333333333333,0.08333333333333333,0.08333333333333333,0.08333333333333333,0.08333333333333333,0.08333333333333333,0.08333333333333333,0.08333333333333333,0.08333333333333333,0.08333333333333333,0.08333333333333333,0.08333333333333333
4,H-W,0.020833333333333332,0.020833333333333332,0.020833333333333332,0.020833333333333332,0.020833333333333332,0.020833333333333332,0.020833333333333332,0.020833333333333332,0.020833333333333332,0.020833333333333332,0.020833333333333332,0.020833333333333332,0.020833333333333332,0.020833333333333332,0.020833333333333332,0.020833333333333332,0.020833333333333332
5,AT-AP,0.25,0.25,0.25,0.25,0.25,0.25,0.25,0.25,0.25,0.25,0.25,0.25,0.25,0.25,0.25,0.25,0.25
5,AT-D,0.14583333333333334,0.14583333333333334,0.14583333333333334,0.14583333333333334,0.14583333333333334,0.14583333333333334,0.14583333333333334,0.14583333333333334,0.14583333333333334,0.14583333333333334,0.14583333333333334,0.14583333333333334,0.14583333333333334,0.14583333333333334,0.14583333333333334,0.14583333333333334,0.14583333333333334
5,AT-W,0.10416666666666667,0.10416666666666667,0.10416666666666667,0.10416666666666667,0.10416666666666667,0.10416666666666667,0.10416666666666667,0.10416666666666667,0.10416666666666667,0.10416666666666667,0.10416666666666667,0.10416666666666667,0.10416666666666667,0.10416666666666667,0.10416666666666667,0.10416666666666667,0.10416666666666667
5,C-AP,0.10416666666666667,0.10416666666666667,0.10416666666666667,0.10416666666666667,0.10416666666666667,0.10416666666666667,0.10416666666666667,0.10416666666666667,0.10416666666666667,0.10416666666666667,0.10416666666666667,0.10416666666666667,0.10416666666666667,0.10416666666666667,0.10416666666666667,0.10416666666666667,0.10416666666666667
5,C-D,0.041666666666666664,0.041666666666666664,0.041666666666666664,0.041666666666666664,0.041666666666666664,0.041666666666666664,0.041666666666666664,0.041666666666666664,0.041666666666666664,0.041666666666666664,0.041666666666666664,0.041666666666666664,0.041666666666666664,0.041666666666666664,0.041666666666666664,0.041666666666666664,0.041666666666666664
5,C-W,0.10416666666666667,0.10416666666666667,0.10416666666666667,0.10416666666666667,0.10416666666666667,0.10416666666666667,0.10416666666666667,0.10416666666666667,0.10416666666666667,0.10416666666666667,0.10416666666666667,0.10416666666666667,0.10416666666666667,0.10416666666666667,0.10416666666666667,0.10416666666666667,0.10416666666666667
5,H-AP,0.14583333333333334,0.14583333333333334,0.14583333333333334,0.14583333333333334,0.14583333333333334,0.14583333333333334,0.14583333333333334,0.14583333333333334,0.14583333333333334,0.14583333333333334,0.14583333333333334,0.14583333333333334,0.14583333333333334,0.14583333333333334,0.14583333333333334,0.14583333333333334,0.14583333333333334
5,H-D,0.0625,0.0625,0.0625,0.0625,0.0625,0.0625,0.0625,0.0625,0.0625,0.0625,0.0625,0.0625,0.0625,0.0625,0.0625,0.0625,0.0625
5,H-W,0.041666666666666664,0.041666666666666664,0.041666666666666664,0.041666666666666664,0.041666666666666664,0.041666666666666664,0.041666666666666664,0.041666666666666664,0.041666666666666664,0.041666666666666664,0.041666666666666664,0.041666666666666664,0.041666666666666664,0.041666666666666664,0.041666666666666664,0.041666666666666664,0.041666666666666664
6,AT-AP,0.25,0.25,0.25,0.25,0.25,0.25,0.25,0.25,0.25,0.25,0.25,0.25,0.25,0.25,0.25,0.25,0.25
6,AT-D,0.10416666666666667,0.10416666666666667,0.10416666666666667,0.10416666666666667,0.10416666666666667,0.10416666666666667,0.10416666666666667,0.10416666666666667,0.10416666666666667,0.10416666666666667,0.10416666666666667,0.10416666666666667,0.10416666666666667,0.10416666666666667,0.10416666666666667,0.10416666666666667,0.10416666666666667
6,AT-W,0.14583333333333334,0.14583333333333334,0.14583333333333334,0.14583333333333334,0.14583333333333334,0.14583333333333334,0.14583333333333334,0.14583333333333334,0.14583333333333334,0.14583333333333334,0.14583333333333334,0.14583333333333334,0.14583333333333334,0.14583333333333334,0.14583333333333334,0.14583333333333334,0.14583333333333334
6,C-AP,0.125,0.125,0.125,0.125,0.125,0.125,0.125,0.125,0.125,0.125,0.125,0.125,0.125,0.125,0.125,0.125,0.125
6,C-D,0.041666666666666664,0.041666666666666664,0.041666666666666664,0.041666666666666664,0.041666666666666664,0.041666666666666664,0.041666666666666664,0.041666666666666664,0.041666666666666664,0.041666666666666664,0.041666666666666664,0.041666666666666664,0.041666666666666664,0.041666666666666664,0.041666666666666664,0.041666666666666664,0.041666666666666664
6,C-W,0.08333333333333333,0.08333333333333333,0.08333333333333333,0.08333333333333333,0.08333333333333333,0.08333333333333333,0.08333333333333333,0.08333333333333333,0.08333333333333333,0.08333333333333333,0.08333333333333333,0.08333333333333333,0.08333333333333333,0.08333333333333333,0.08333333333333333,0.08333333333333333,0.08333333333333333
6,H-AP,0.125,0.125,0.125,0.125,0.125,0.125,0.125,0.125,0.125,0.125,0.125,0.125,0.125,0.125,0.125,0.125,0.125
6,H-D,0.10416666666666667,0.10416666666666667,0.10416666666666667,0.10416666666666667,0.10416666666666667,0.10416666666666667,0.10416666666666667,0.10416666666666667,0.10416666666666667,0.10416666666666667,0.10416666666666667,0.10416666666666667,0.10416666666666667,0.10416666666666667,0.10416666666666667,0.10416666666666667,0.10416666666666667
6,H-W,0.020833333333333332,0.020833333333333332,0.020833333333333332,0.020833333333333332,0.020833333333333332,0.020833333333333332,0.020833333333333332,0.020833333333333332,0.020833333333333332,0.020833333333333332,0.020833333333333332,0.020833333333333332,0.020833333333333332,0.020833333333333332,0.020833333333333332,0.020833333333333332,0.020833333333333332
7,AT-AP,0.2708333333333333,0.2708333333333333,0.2708333333333333,0.2708333333333333,0.2708333333333333,0.2708333333333333,0.2708333333333333,0.2708333333333333,0.2708333333333333,0.2708333333333333,0.2708333333333333,0.2708333333333333,0.2708333333333333,0.2708333333333333,0.2708333333333333,0.2708333333333333,0.2708333333333333
7,AT-D,0.10416666666666667,0.10416666666666667,0.10416666666666667,0.10416666666666667,0.10416666666666667,0.10416666666666667,0.10416666666666667,0.10416666666666667,0.10416666666666667,0.10416666666666667,0.10416666666666667,0.10416666666666667,0.10416666666666667,0.10416666666666667,0.10416666666666667,0.10416666666666667,0.10416666666666667
7,AT-W,0.125,0.125,0.125,0.125,0.125,0.125,0.125,0.125,0.125,0.125,0.125,0.125,0.125,0.125,0.125,0.125,0.125
7,C-AP,0.08333333333333333,0.08333333333333333,0.08333333333333333,0.08333333333333333,0.08333333333333333,0.08333333333333333,0.08333333333333333,0.08333333333333333,0.08333333333333333,0.08333333333333333,0.08333333333333333,0.08333333333333333,0.08333333333333333,0.08333333333333333,0.08333333333333333,0.08333333333333333,0.08333333333333333
7,C-D,0.08333333333333333,0.08333333333333333,0.08333333333333333,0.08333333333333333,0.08333333333333333,0.08333333333333333,0.08333333333333333,0.08333333333333333,0.08333333333333333,0.08333333333333333,0.08333333333333333,0.08333333333333333,0.08333333333333333,0.08333333333333333,0.08333333333333333,0.08333333333333333,0.08333333333333333
7,C-W,0.08333333333333333,0.08333333333333333,0.08333333333333333,0.08333333333333333,0.08333333333333333,0.08333333333333333,0.08333333333333333,0.08333333333333333,0.08333333333333333,0.08333333333333333,0.08333333333333333,0.08333333333333333,0.08333333333333333,0.08333333333333333,0.08333333333333333,0.08333333333333333,0.08333333333333333
7,H-AP,0.14583333333333334,0.14583333333333334,0.14583333333333334,0.14583333333333334,0.14583333333333334,0.14583333333333334,0.14583333333333334,0.14583333333333334,0.14583333333333334,0.14583333333333334,0.14583333333333334,0.14583333333333334,0.14583333333333334,0.14583333333333334,0.14583333333333334,0.14583333333333334,0.14583333333333334
7,H-D,0.0625,0.0625,0.0625,0.0625,0.0625,0.0625,0.0625,0.0625,0.0625,0.0625,0.0625,0.0625,0.0625,0.0625,0.0625,0.0625,0.0625
7,H-W,0.041666666666666664,0.041666666666666664,0.041666666666666664,0.041666666666666664,0.041666666666666664,0.041666666666666664,0.041666666666666664,0.041666666666666664,0.041666666666666664,0.041666666666666664,0.041666666666666664,0.041666666666666664,0.041666666666666664,0.041666666666666664,0.041666666666666664,0.041666666666666664,0.041666666666666664
8,AT-AP,0.3125,0.3125,0.3125,0.3125,0.3125,0.3125,0.3125,0.3125,0.3125,0.3125,0.3125,0.3125,0.3125,0.3125,0.3125,0.3125,0.3125
8,AT-D,0.0625,0.0625,0.0625,0.0625,0.0625,0.0625,0.0625,0.0625,0.0625,0.0625,0.0625,0.0625,0.0625,0.0625,0.0625,0.0625,0.0625
8,AT-W,0.125,0.125,0.125,0.125,0.125,0.125,0.125,0.125,0.125,0.125,0.125,0.125,0.125,0.125,0.125,0.125,0.125
8,C-AP,0.10416666666666667,0.10416666666666667,0.10416666666666667,0.10416666666666667,0.10416666666666667,0.10416666666666667,0.10416666666666667,0.10416666666666667,0.10416666666666667,0.10416666666666667,0.10416666666666667,0.10416666666666667,0.10416666666666667,0.10416666666666667,0.10416666666666667,0.10416666666666667,0.10416666666666667
8,C-D,0.041666666666666664,0.041666666666666664,0.041666666666666664,0.041666666666666664,0.041666666666666664,0.041666666666666664,0.041666666666666664,0.041666666666666664,0.041666666666666664,0.041666666666666664,0.041666666666666664,0.041666666666666664,0.041666666666666664,0.041666666666666664,0.041666666666666664,0.041666666666666664,0.041666666666666664
8,C-W,0.10416666666666667,0.10416666666666667,0.10416666666666667,0.10416666666666667,0.10416666666666667,0.10416666666666667,0.10416666666666667,0.10416666666666667,0.10416666666666667,0.10416666666666667,0.10416666666666667,0.10416666666666667,0.10416666666666667,0.10416666666666667,0.10416666666666667,0.10416666666666667,0.10416666666666667
8,H-AP,0.08333333333333333,0.08333333333333333,0.08333333333333333,0.08333333333333333,0.08333333333333333,0.08333333333333333,0.08333333333333333,0.08333333333333333,0.08333333333333333,0.08333333333333333,0.08333333333333333,0.08333333333333333,0.08333333333333333,0.08333333333333333,0.08333333333333333,0.08333333333333333,0.08333333333333333
8,H-D,0.14583333333333334,0.14583333333333334,0.14583333333333334,0.14583333333333334,0.14583333333333334,0.14583333333333334,0.14583333333333334,0.14583333333333334,0.14583333333333334,0.14583333333333334,0.14583333333333334,0.14583333333333334,0.14583333333333334,0.14583333333333334,0.14583333333333334,0.14583333333333334,0.14583333333333334
8,H-W,0.020833333333333332,0.020833333333333332,0.020833333333333332,0.020833333333333332,0.020833333333333332,0.020833333333333332,0.020833333333333332,0.020833333333333332,0.020833333333333332,0.020833333333333332,0.020833333333333332,0.020833333333333332,0.020833333333333332,0.020833333333333332,0.020833333333333332,0.020833333333333332,0.020833333333333332
9,AT-AP,0.2916666666666667,0.2916666666666667,0.2916666666666667,0.2916666666666667,0.2916666666666667,0.2916666666666667,0.2916666666666667,0.2916666666666667,0.2916666666666667,0.2916666666666667,0.2916666666666667,0.2916666666666667,0.2916666666666667,0.2916666666666667,0.2916666666666667,0.2916666666666667,0.2916666666666667
9,AT-D,0.08333333333333333,0.08333333333333333,0.08333333333333333,0.08333333333333333,0.08333333333333333,0.08333333333333333,0.08333333333333333,0.08333333333333333,0.08333333333333333,0.08333333333333333,0.08333333333333333,0.08333333333333333,0.08333333333333333,0.08333333333333333,0.08333333333333333,0.08333333333333333,0.08333333333333333
9,AT-W,0.125,0.125,0.125,0.125,0.125,0.125,0.125,0.125,0.125,0.125,0.125,0.125,0.125,0.125,0.125,0.125,0.125
9,C-AP,0.14583333333333334,0.14583333333333334,0.14583333333333334,0.14583333333333334,0.14583333333333334,0.14583333333333334,0.14583333333333334,0.14583333333333334,0.14583333333333334,0.14583333333333334,0.14583333333333334,0.14583333333333334,0.14583333333333334,0.14583333333333334,0.14583333333333334,0.14583333333333334,0.14583333333333334
9,C-W,0.10416666666666667,0.10416666666666667,0.10416666666666667,0.10416666666666667,0.10416666666666667,0.10416666666666667,0.10416666666666667,0.10416666666666667,0.10416666666666667,0.10416666666666667,0.10416666666666667,0.10416666666666667,0.10416666666666667,0.10416666666666667,0.10416666666666667,0.10416666666666667,0.10416666666666667
9,H-AP,0.0625,0.0625,0.0625,0.0625,0.0625,0.0625,0.0625,0.0625,0.0625,0.0625,0.0625,0.0625,0.0625,0.0625,0.0625,0.0625,0.0625
9,H-D,0.16666666666666666,0.16666666666666666,0.16666666666666666,0.16666666666666666,0.16666666666666666,0.16666666666666666,0.16666666666666666,0.16666666666666666,0.16666666666666666,0.16666666666666666,0.16666666666666666,0.16666666666666666,0.16666666666666666,0.16666666666666666,0.16666666666666666,0.16666666666666666,0.16666666666666666
9,H-W,0.020833333333333332,0.020833333333333332,0.020833333333333332,0.020833333333333332,0.020833333333333332,0.020833333333333332,0.020833333333333332,0.020833333333333332,0.020833333333333332,0.020833333333333332,0.020833333333333332,0.020833333333333332,0.020833333333333332,0.020833333333333332,0.020833333333333332,0.020833333333333332,0.020833333333333332
10,AT-AP,0.25,0.25,0.25,0.25,0.25,0.25,0.25,0.25,0.25,0.25,0.25,0.25,0.25,0.25,0.25,0.25,0.25
10,AT-D,0.14583333333333334,0.14583333333333334,0.14583333333333334,0.14583333333333334,0.14583333333333334,0.14583333333333334,0.14583333333333334,0.14583333333333334,0.14583333333333334,0.14583333333333334,0.14583333333333334,0.14583333333333334,0.14583333333333334,0.14583333333333334,0.14583333333333334,0.14583333333333334,0.14583333333333334
10,AT-W,0.10416666666666667,0.10416666666666667,0.10416666666666667,0.10416666666666667,0.10416666666666667,0.10416666666666667,0.10416666666666667,0.10416666666666667,0.10416666666666667,0.10416666666666667,0.10416666666666667,0.10416666666666667,0.10416666666666667,0.10416666666666667,0.10416666666666667,0.10416666666666667,0.10416666666666667
10,C-AP,0.1875,0.1875,0.1875,0.1875,0.1875,0.1875,0.1875,0.1875,0.1875,0.1875,0.1875,0.1875,0.1875,0.1875,0.1875,0.1875,0.1875
10,C-W,0.0625,0.0625,0.0625,0.0625,0.0625,0.0625,0.0625,0.0625,0.0625,0.0625,0.0625,0.0625,0.0625,0.0625,0.0625,0.0625,0.0625
10,H-AP,0.0625,0.0625,0.0625,0.0625,0.0625,0.0625,0.0625,0.0625,0.0625,0.0625,0.0625,0.0625,0.0625,0.0625,0.0625,0.0625,0.0625
10,H-D,0.10416666666666667,0.10416666666666667,0.10416666666666667,0.10416666666666667,0.10416666666666667,0.10416666666666667,0.10416666666666667,0.10416666666666667,0.10416666666666667,0.10416666666666667,0.10416666666666667,0.10416666666666667,0.10416666666666667,0.10416666666666667,0.10416666666666667,0.10416666666666667,0.10416666666666667
10,H-W,0.08333333333333333,0.08333333333333333,0.08333333333333333,0.08333333333333333,0.08333333333333333,0.08333333333333333,0.08333333333333333,0.08333333333333333,0.08333333333333333,0.08333333333333333,0.08333333333333333,0.08333333333333333,0.08333333333333333,0.08333333333333333,0.08333333333333333,0.08333333333333333,0.08333333333333333
11,AT-AP,0.3125,0.3125,0.3125,0.3125,0.3125,0.3125,0.3125,0.3125,0.3125,0.3125,0.3125,0.3125,0.3125,0.3125,0.3125,0.3125,0.3125
11,AT-D,0.08333333333333333,0.08333333333333333,0.08333333333333333,0.08333333333333333,0.08333333333333333,0.08333333333333333,0.08333333333333333,0.08333333333333333,0.08333333333333333,0.08333333333333333,0.08333333333333333,0.08333333333333333,0.08333333333333333,0.08333333333333333,0.08333333333333333,0.08333333333333333,0.08333333333333333
11,AT-W,0.10416666666666667,0.10416666666666667,0.10416666666666667,0.10416666666666667,0.10416666666666667,0.10416666666666667,0.10416666666666667,0.10416666666666667,0.10416666666666667,0.10416666666666667,0.10416666666666667,0.10416666666666667,0.10416666666666667,0.10416666666666667,0.10416666666666667,0.10416666666666667,0.10416666666666667
11,C-AP,0.10416666666666667,0.10416666666666667,0.10416666666666667,0.10416666666666667,0.10416666666666667,0.10416666666666667,0.10416666666666667,0.10416666666666667,0.10416666666666667,0.10416666666666667,0.10416666666666667,0.10416666666666667,0.10416666666666667,0.10416666666666667,0.10416666666666667,0.10416666666666667,0.10416666666666667
11,C-D,0.041666666666666664,0.041666666666666664,0.041666666666666664,0.041666666666666664,0.041666666666666664,0.041666666666666664,0.041666666666666664,0.041666666666666664,0.041666666666666664,0.041666666666666664,0.041666666666666664,0.041666666666666664,0.041666666666666664,0.041666666666666664,0.041666666666666664,0.041666666666666664,0.041666666666666664
11,C-W,0.10416666666666667,0.10416666666666667,0.10416666666666667,0.10416666666666667,0.10416666666666667,0.10416666666666667,0.10416666666666667,0.10416666666666667,0.10416666666666667,0.10416666666666667,0.10416666666666667,0.10416666666666667,0.10416666666666667,0.10416666666666667,0.10416666666666667,0.10416666666666667,0.10416666666666667
11,H-AP,0.08333333333333333,0.08333333333333333,0.08333333333333333,0.08333333333333333,0.08333333333333333,0.08333333333333333,0.08333333333333333,0.08333333333333333,0.08333333333333333,0.08333333333333333,0.08333333333333333,0.08333333333333333,0.08333333333333333,0.08333333333333333,0.08333333333333333,0.08333333333333333,0.08333333333333333
11,H-D,0.125,0.125,0.125,0.125,0.125,0.125,0.125,0.125,0.125,0.125,0.125,0.125,0.125,0.125,0.125,0.125,0.125
11,H-W,0.041666666666666664,0.041666666666666664,0.041666666666666664,0.041666666666666664,0.041666666666666664,0.041666666666666664,0.041666666666666664,0.041666666666666664,0.041666666666666664,0.041666666666666664,0.041666666666666664,0.041666666666666664,0.041666666666666664,0.041666666666666664,0.041666666666666664,0.041666666666666664,0.041666666666666664
12,AT-AP,0.2916666666666667,0.2916666666666667,0.2916666666666667,0.2916666666666667,0.2916666666666667,0.2916666666666667,0.2916666666666667,0.2916666666666667,0.2916666666666667,0.2916666666666667,0.2916666666666667,0.2916666666666667,0.2916666666666667,0.2916666666666667,0.2916666666666667,0.2916666666666667,0.2916666666666667
12,AT-D,0.08333333333333333,0.08333333333333333,0.08333333333333333,0.08333333333333333,0.08333333333333333,0.08333333333333333,0.08333333333333333,0.08333333333333333,0.08333333333333333,0.08333333333333333,0.08333333333333333,0.08333333333333333,0.08333333333333333,0.08333333333333333,0.08333333333333333,0.08333333333333333,0.08333333333333333
12,AT-W,0.125,0.125,0.125,0.125,0.125,0.125,0.125,0.125,0.125,0.125,0.125,0.125,0.125,0.125,0.125,0.125,0.125
12,C-AP,0.14583333333333334,0.14583333333333334,0.14583333333333334,0.14583333333333334,0.14583333333333334,0.14583333333333334,0.14583333333333334,0.14583333333333334,0.14583333333333334,0.14583333333333334,0.14583333333333334,0.14583333333333334,0.14583333333333334,0.14583333333333334,0.14583333333333334,0.14583333333333334,0.14583333333333334
12,C-W,0.10416666666666667,0.10416666666666667,0.10416666666666667,0.10416666666666667,0.10416666666666667,0.10416666666666667,0.10416666666666667,0.10416666666666667,0.10416666666666667,0.10416666666666667,0.10416666666666667,0.10416666666666667,0.10416666666666667,0.10416666666666667,0.10416666666666667,0.10416666666666667,0.10416666666666667
12,H-AP,0.0625,0.0625,0.0625,0.0625,0.0625,0.0625,0.0625,0.0625,0.0625,0.0625,0.0625,0.0625,0.0625,0.0625,0.0625,0.0625,0.0625
12,H-D,0.16666666666666666,0.16666666666666666,0.16666666666666666,0.16666666666666666,0.16666666666666666,0.16666666666666666,0.16666666666666666,0.16666666666666666,0.16666666666666666,0.16666666666666666,0.16666666666666666,0.16666666666666666,0.16666666666666666,0.16666666666666666,0.16666666666666666,0.16666666666666666,0.16666666666666666
12,H-W,0.020833333333333332,0.020833333333333332,0.020833333333333332,0.020833333333333332,0.020833333333333332,0.020833333333333332,0.020833333333333332,0.020833333333333332,0.020833333333333332,0.020833333333333332,0.020833333333333332,0.020833333333333332,0.020833333333333332,0.020833333333333332,0.020833333333333332,0.020833333333333332,0.020833333333333332
