0=normal temp: -1=cold; ; 1=hot; Precip: -1=wet; 1=dry; rest: 1=anomalous restrictions. prev_{} = previous months data  
month,year,temp,precip,rest,rest_cum,prev_temp,prev_precip,prev_rest,prev_rest_cum
1,1972,0.0,0.0,1.0,11.495460358630147,,,,
2,1972,0.0,0.0,1.0,27.434658179198237,0.0,0.0,1.0,11.495460358630147
3,1972,0.0,1.0,0.0,9.867400421497825,0.0,0.0,1.0,27.434658179198237
4,1972,0.0,0.0,0.0,8.944873412307379,0.0,1.0,0.0,9.867400421497825
5,1972,0.0,0.0,0.0,2.8735449376032878,0.0,0.0,0.0,8.944873412307379
6,1972,-1.0,0.0,0.0,8.659082442803516,0.0,0.0,0.0,2.8735449376032878
7,1972,-1.0,0.0,0.0,0.07145555713549934,-1.0,0.0,0.0,8.659082442803516
8,1972,-1.0,0.0,0.0,8.68317614059367,-1.0,0.0,0.0,0.07145555713549934
9,1972,0.0,0.0,0.0,0.12674458602552738,-1.0,0.0,0.0,8.68317614059367
10,1972,0.0,0.0,0.0,0.0,0.0,0.0,0.0,0.12674458602552738
11,1972,0.0,0.0,0.0,0.0,0.0,0.0,0.0,0.0
12,1972,0.0,0.0,0.0,0.0,0.0,0.0,0.0,0.0
1,1973,1.0,0.0,1.0,11.036360938625522,0.0,0.0,0.0,0.0
2,1973,1.0,1.0,1.0,27.534957350271135,1.0,0.0,1.0,11.036360938625522
3,1973,0.0,1.0,1.0,31.0,1.0,1.0,1.0,27.534957350271135
4,1973,0.0,1.0,1.0,17.645379204864575,0.0,1.0,1.0,31.0
5,1973,0.0,1.0,0.0,0.00990679694863529,0.0,1.0,1.0,17.645379204864575
6,1973,-1.0,0.0,0.0,4.897495998238715,0.0,1.0,0.0,0.00990679694863529
7,1973,-1.0,0.0,0.0,27.36167841224096,-1.0,0.0,0.0,4.897495998238715
8,1973,-1.0,-1.0,0.0,4.609641343437326,-1.0,0.0,0.0,27.36167841224096
9,1973,0.0,0.0,0.0,0.0,-1.0,-1.0,0.0,4.609641343437326
10,1973,0.0,1.0,0.0,0.06585288098735845,0.0,0.0,0.0,0.0
11,1973,0.0,1.0,0.0,0.0,0.0,1.0,0.0,0.06585288098735845
12,1973,0.0,1.0,1.0,9.279266805419951,0.0,1.0,0.0,0.0
1,1974,0.0,0.0,1.0,13.640484116733898,0.0,1.0,1.0,9.279266805419951
2,1974,1.0,0.0,0.0,8.785926806736235,0.0,0.0,1.0,13.640484116733898
3,1974,0.0,0.0,0.0,8.957881648896828,1.0,0.0,0.0,8.785926806736235
4,1974,0.0,0.0,0.0,1.3682386130075468,0.0,0.0,0.0,8.957881648896828
5,1974,0.0,0.0,0.0,0.0,0.0,0.0,0.0,1.3682386130075468
6,1974,-1.0,0.0,0.0,0.0,0.0,0.0,0.0,0.0
7,1974,-1.0,-1.0,0.0,0.0,-1.0,0.0,0.0,0.0
8,1974,-1.0,0.0,0.0,0.0,-1.0,-1.0,0.0,0.0
9,1974,0.0,0.0,0.0,0.0,-1.0,0.0,0.0,0.0
10,1974,0.0,0.0,0.0,0.0,0.0,0.0,0.0,0.0
11,1974,0.0,0.0,0.0,0.0,0.0,0.0,0.0,0.0
12,1974,1.0,1.0,0.0,0.05491730775152637,0.0,0.0,0.0,0.0
1,1975,1.0,1.0,0.0,2.493380326876292,1.0,1.0,0.0,0.05491730775152637
2,1975,0.0,0.0,0.0,3.3908365463806103,1.0,1.0,0.0,2.493380326876292
3,1975,0.0,0.0,0.0,0.0,0.0,0.0,0.0,3.3908365463806103
4,1975,0.0,0.0,0.0,0.0,0.0,0.0,0.0,0.0
5,1975,0.0,0.0,0.0,0.0,0.0,0.0,0.0,0.0
6,1975,-1.0,0.0,0.0,0.0,0.0,0.0,0.0,0.0
7,1975,-1.0,0.0,0.0,0.0,-1.0,0.0,0.0,0.0
8,1975,-1.0,0.0,0.0,0.0,-1.0,0.0,0.0,0.0
9,1975,0.0,0.0,0.0,0.0,-1.0,0.0,0.0,0.0
10,1975,0.0,0.0,0.0,0.0,0.0,0.0,0.0,0.0
11,1975,0.0,0.0,0.0,0.0,0.0,0.0,0.0,0.0
12,1975,0.0,0.0,0.0,0.0,0.0,0.0,0.0,0.0
1,1976,0.0,0.0,0.0,3.240278864442025,0.0,0.0,0.0,0.0
2,1976,0.0,0.0,0.0,0.4166233984954505,0.0,0.0,0.0,3.240278864442025
3,1976,0.0,0.0,0.0,12.344980055951142,0.0,0.0,0.0,0.4166233984954505
4,1976,0.0,0.0,1.0,23.375165858555572,0.0,0.0,0.0,12.344980055951142
5,1976,0.0,0.0,0.0,3.2416446960379237,0.0,0.0,1.0,23.375165858555572
6,1976,-1.0,0.0,0.0,0.18066074308482724,0.0,0.0,0.0,3.2416446960379237
7,1976,-1.0,0.0,0.0,0.5467978911674297,-1.0,0.0,0.0,0.18066074308482724
8,1976,-1.0,0.0,0.0,0.0,-1.0,0.0,0.0,0.5467978911674297
9,1976,0.0,-1.0,0.0,0.0,-1.0,0.0,0.0,0.0
10,1976,0.0,0.0,0.0,0.06776363652556457,0.0,-1.0,0.0,0.0
11,1976,0.0,0.0,0.0,0.0,0.0,0.0,0.0,0.06776363652556457
12,1976,0.0,0.0,0.0,0.0,0.0,0.0,0.0,0.0
1,1977,0.0,0.0,0.0,0.0,0.0,0.0,0.0,0.0
2,1977,0.0,0.0,0.0,0.007829545392793161,0.0,0.0,0.0,0.0
3,1977,0.0,0.0,0.0,6.712189862934337,0.0,0.0,0.0,0.007829545392793161
4,1977,0.0,1.0,1.0,10.37208126041178,0.0,0.0,0.0,6.712189862934337
5,1977,-1.0,0.0,0.0,0.4884818250857244,0.0,1.0,1.0,10.37208126041178
6,1977,-1.0,0.0,0.0,0.4069954534599864,-1.0,0.0,0.0,0.4884818250857244
7,1977,-1.0,0.0,0.0,0.15129600783913813,-1.0,0.0,0.0,0.4069954534599864
8,1977,-1.0,0.0,0.0,7.739925395806124,-1.0,0.0,0.0,0.15129600783913813
9,1977,-1.0,-1.0,0.0,1.7100211376108951,-1.0,0.0,0.0,7.739925395806124
10,1977,0.0,0.0,0.0,0.0,-1.0,-1.0,0.0,1.7100211376108951
11,1977,0.0,1.0,0.0,0.0,0.0,0.0,0.0,0.0
12,1977,1.0,1.0,0.0,0.13045169817296093,0.0,1.0,0.0,0.0
1,1978,1.0,0.0,0.0,4.759647052443669,1.0,1.0,0.0,0.13045169817296093
2,1978,1.0,1.0,1.0,26.296466001293943,1.0,0.0,0.0,4.759647052443669
3,1978,1.0,1.0,1.0,25.453362421105954,1.0,1.0,1.0,26.296466001293943
4,1978,0.0,1.0,0.0,8.022283218520725,1.0,1.0,1.0,25.453362421105954
5,1978,-1.0,0.0,0.0,3.7489125813545265,0.0,1.0,0.0,8.022283218520725
6,1978,-1.0,-1.0,0.0,0.13131788736952626,-1.0,0.0,0.0,3.7489125813545265
7,1978,-1.0,-1.0,0.0,0.4355812274291937,-1.0,-1.0,0.0,0.13131788736952626
8,1978,-1.0,0.0,0.0,0.0,-1.0,-1.0,0.0,0.4355812274291937
9,1978,0.0,0.0,0.0,0.0,-1.0,0.0,0.0,0.0
10,1978,0.0,0.0,0.0,0.0,0.0,0.0,0.0,0.0
11,1978,0.0,0.0,0.0,0.0,0.0,0.0,0.0,0.0
12,1978,0.0,0.0,0.0,0.0,0.0,0.0,0.0,0.0
1,1979,1.0,0.0,0.0,2.2352399107251215,0.0,0.0,0.0,0.0
2,1979,1.0,1.0,0.0,2.895774444398152,1.0,0.0,0.0,2.2352399107251215
3,1979,0.0,0.0,0.0,0.4133809294688915,1.0,1.0,0.0,2.895774444398152
4,1979,0.0,0.0,0.0,0.0,0.0,0.0,0.0,0.4133809294688915
5,1979,-1.0,-1.0,0.0,0.0,0.0,0.0,0.0,0.0
6,1979,-1.0,0.0,0.0,0.0,-1.0,-1.0,0.0,0.0
7,1979,-1.0,0.0,0.0,0.0,-1.0,0.0,0.0,0.0
8,1979,-1.0,0.0,0.0,0.0,-1.0,0.0,0.0,0.0
9,1979,0.0,0.0,0.0,0.0,-1.0,0.0,0.0,0.0
10,1979,0.0,0.0,0.0,0.0,0.0,0.0,0.0,0.0
11,1979,0.0,0.0,0.0,0.0,0.0,0.0,0.0,0.0
12,1979,0.0,0.0,0.0,0.0,0.0,0.0,0.0,0.0
1,1980,1.0,0.0,0.0,0.0,0.0,0.0,0.0,0.0
2,1980,0.0,0.0,0.0,0.0,1.0,0.0,0.0,0.0
3,1980,0.0,0.0,0.0,0.0,0.0,0.0,0.0,0.0
4,1980,0.0,0.0,0.0,0.0,0.0,0.0,0.0,0.0
5,1980,0.0,0.0,0.0,2.082280199670687,0.0,0.0,0.0,0.0
6,1980,-1.0,0.0,0.0,0.0,0.0,0.0,0.0,2.082280199670687
7,1980,-1.0,0.0,0.0,0.0,-1.0,0.0,0.0,0.0
8,1980,-1.0,0.0,0.0,0.7231912399006868,-1.0,0.0,0.0,0.0
9,1980,0.0,1.0,0.0,0.0,-1.0,0.0,0.0,0.7231912399006868
10,1980,0.0,1.0,0.0,0.0,0.0,1.0,0.0,0.0
11,1980,0.0,0.0,0.0,0.0,0.0,1.0,0.0,0.0
12,1980,1.0,0.0,0.0,0.0,0.0,0.0,0.0,0.0
1,1981,1.0,0.0,0.0,5.46727196202459,1.0,0.0,0.0,0.0
2,1981,1.0,1.0,0.0,8.97073917257938,1.0,0.0,0.0,5.46727196202459
3,1981,0.0,1.0,0.0,6.560798158198067,1.0,1.0,0.0,8.97073917257938
4,1981,0.0,0.0,0.0,3.821716568790655,0.0,1.0,0.0,6.560798158198067
5,1981,-1.0,1.0,0.0,8.729409558202414,0.0,0.0,0.0,3.821716568790655
6,1981,-1.0,-1.0,0.0,3.182658215803625,-1.0,1.0,0.0,8.729409558202414
7,1981,-1.0,0.0,0.0,2.8629708279972492,-1.0,-1.0,0.0,3.182658215803625
8,1981,-1.0,-1.0,0.0,9.035289285580587,-1.0,0.0,0.0,2.8629708279972492
9,1981,0.0,0.0,0.0,6.232864420665786,-1.0,-1.0,0.0,9.035289285580587
10,1981,0.0,0.0,0.0,0.0,0.0,0.0,0.0,6.232864420665786
11,1981,0.0,0.0,0.0,0.0,0.0,0.0,0.0,0.0
12,1981,1.0,1.0,0.0,0.0,0.0,0.0,0.0,0.0
1,1982,1.0,0.0,0.0,2.4858081036930226,1.0,1.0,0.0,0.0
2,1982,1.0,1.0,0.0,9.691425844505146,1.0,0.0,0.0,2.4858081036930226
3,1982,0.0,1.0,1.0,17.732283698768306,1.0,1.0,0.0,9.691425844505146
4,1982,0.0,1.0,1.0,19.947142349066553,0.0,1.0,1.0,17.732283698768306
5,1982,0.0,1.0,0.0,7.374533103119412,0.0,1.0,1.0,19.947142349066553
6,1982,-1.0,0.0,0.0,0.20478352857212728,0.0,1.0,0.0,7.374533103119412
7,1982,-1.0,0.0,0.0,13.755613763731173,-1.0,0.0,0.0,0.20478352857212728
8,1982,0.0,0.0,0.0,0.548925293160091,-1.0,0.0,0.0,13.755613763731173
9,1982,0.0,0.0,0.0,0.0,0.0,0.0,0.0,0.548925293160091
10,1982,0.0,0.0,0.0,0.9944398320650509,0.0,0.0,0.0,0.0
11,1982,0.0,0.0,0.0,0.0,0.0,0.0,0.0,0.9944398320650509
12,1982,1.0,0.0,0.0,0.0,0.0,0.0,0.0,0.0
1,1983,1.0,0.0,0.0,0.0,1.0,0.0,0.0,0.0
2,1983,0.0,1.0,0.0,14.25867698327232,1.0,0.0,0.0,0.0
3,1983,0.0,1.0,1.0,20.488588186754797,0.0,1.0,0.0,14.25867698327232
4,1983,0.0,1.0,0.0,0.0,0.0,1.0,1.0,20.488588186754797
5,1983,-1.0,0.0,0.0,0.0,0.0,1.0,0.0,0.0
6,1983,-1.0,0.0,0.0,0.8797293238434056,-1.0,0.0,0.0,0.0
7,1983,-1.0,0.0,0.0,0.0,-1.0,0.0,0.0,0.8797293238434056
8,1983,-1.0,0.0,0.0,0.34479112302006365,-1.0,0.0,0.0,0.0
9,1983,0.0,0.0,0.0,1.9801324081755751,-1.0,0.0,0.0,0.34479112302006365
10,1983,0.0,0.0,0.0,0.0,0.0,0.0,0.0,1.9801324081755751
11,1983,0.0,0.0,0.0,0.0,0.0,0.0,0.0,0.0
12,1983,0.0,0.0,0.0,0.8673248886592434,0.0,0.0,0.0,0.0
1,1984,0.0,0.0,0.0,0.0,0.0,0.0,0.0,0.8673248886592434
2,1984,1.0,0.0,0.0,0.0,0.0,0.0,0.0,0.0
3,1984,0.0,0.0,0.0,0.4259642543490219,1.0,0.0,0.0,0.0
4,1984,0.0,0.0,1.0,10.91840592536305,0.0,0.0,0.0,0.4259642543490219
5,1984,0.0,0.0,0.0,2.459490023862183,0.0,0.0,1.0,10.91840592536305
6,1984,-1.0,0.0,0.0,12.843924185866001,0.0,0.0,0.0,2.459490023862183
7,1984,-1.0,0.0,0.0,0.0,-1.0,0.0,0.0,12.843924185866001
8,1984,0.0,0.0,0.0,0.0,-1.0,0.0,0.0,0.0
9,1984,0.0,0.0,0.0,6.912781831969048,0.0,0.0,0.0,0.0
10,1984,0.0,1.0,0.0,1.9677706058138709,0.0,0.0,0.0,6.912781831969048
11,1984,0.0,1.0,0.0,0.0,0.0,1.0,0.0,1.9677706058138709
12,1984,0.0,0.0,0.0,0.0,0.0,1.0,0.0,0.0
1,1985,1.0,1.0,0.0,0.0,0.0,0.0,0.0,0.0
2,1985,1.0,1.0,0.0,16.736015447246878,1.0,1.0,0.0,0.0
3,1985,0.0,0.0,1.0,30.11733164269278,1.0,1.0,0.0,16.736015447246878
4,1985,0.0,1.0,1.0,23.724942811668075,0.0,0.0,1.0,30.11733164269278
5,1985,-1.0,1.0,0.0,20.3472684863997,0.0,1.0,1.0,23.724942811668075
6,1985,-1.0,0.0,0.0,6.320482683085805,-1.0,1.0,0.0,20.3472684863997
7,1985,-1.0,0.0,0.0,5.506289982592439,-1.0,0.0,0.0,6.320482683085805
8,1985,-1.0,0.0,0.0,1.342901179267071,-1.0,0.0,0.0,5.506289982592439
9,1985,0.0,0.0,0.0,0.5572449255121886,-1.0,0.0,0.0,1.342901179267071
10,1985,0.0,0.0,0.0,0.29714910596814226,0.0,0.0,0.0,0.5572449255121886
11,1985,0.0,0.0,0.0,0.8376659152373206,0.0,0.0,0.0,0.29714910596814226
12,1985,0.0,0.0,0.0,0.0,0.0,0.0,0.0,0.8376659152373206
1,1986,1.0,0.0,0.0,0.1943730135728246,0.0,0.0,0.0,0.0
2,1986,0.0,0.0,0.0,11.557102637504926,1.0,0.0,0.0,0.1943730135728246
3,1986,0.0,0.0,0.0,0.356099667185331,0.0,0.0,0.0,11.557102637504926
4,1986,0.0,0.0,0.0,0.3654477475837425,0.0,0.0,0.0,0.356099667185331
5,1986,-1.0,0.0,0.0,2.052898477336661,0.0,0.0,0.0,0.3654477475837425
6,1986,-1.0,0.0,0.0,0.0,-1.0,0.0,0.0,2.052898477336661
7,1986,-1.0,-1.0,0.0,0.0,-1.0,0.0,0.0,0.0
8,1986,-1.0,0.0,0.0,0.0,-1.0,-1.0,0.0,0.0
9,1986,0.0,0.0,0.0,0.0,-1.0,0.0,0.0,0.0
10,1986,0.0,0.0,0.0,0.0,0.0,0.0,0.0,0.0
11,1986,0.0,0.0,0.0,0.0,0.0,0.0,0.0,0.0
12,1986,0.0,0.0,0.0,0.0,0.0,0.0,0.0,0.0
1,1987,1.0,1.0,0.0,3.565879116332373,0.0,0.0,0.0,0.0
2,1987,0.0,1.0,0.0,0.23846741463925641,1.0,1.0,0.0,3.565879116332373
3,1987,0.0,0.0,0.0,0.0,0.0,1.0,0.0,0.23846741463925641
4,1987,0.0,0.0,0.0,0.007395843484724148,0.0,0.0,0.0,0.0
5,1987,0.0,0.0,0.0,0.37310643344582123,0.0,0.0,0.0,0.007395843484724148
6,1987,-1.0,0.0,0.0,0.0,0.0,0.0,0.0,0.37310643344582123
7,1987,-1.0,0.0,0.0,1.361244166459865,-1.0,0.0,0.0,0.0
8,1987,0.0,0.0,0.0,0.8576018574705482,-1.0,0.0,0.0,1.361244166459865
9,1987,0.0,0.0,0.0,2.7832288598229526,0.0,0.0,0.0,0.8576018574705482
10,1987,0.0,0.0,0.0,0.796612435144311,0.0,0.0,0.0,2.7832288598229526
11,1987,0.0,0.0,0.0,0.0,0.0,0.0,0.0,0.796612435144311
12,1987,0.0,0.0,0.0,0.020250139251420586,0.0,0.0,0.0,0.0
1,1988,1.0,0.0,0.0,7.9105864199599445,0.0,0.0,0.0,0.020250139251420586
2,1988,0.0,0.0,0.0,12.265304338923313,1.0,0.0,0.0,7.9105864199599445
3,1988,0.0,1.0,0.0,6.729465251600524,0.0,0.0,0.0,12.265304338923313
4,1988,0.0,1.0,1.0,17.206617101085815,0.0,1.0,0.0,6.729465251600524
5,1988,-1.0,1.0,0.0,8.9249055408178,0.0,1.0,1.0,17.206617101085815
6,1988,-1.0,0.0,0.0,0.0,-1.0,1.0,0.0,8.9249055408178
7,1988,-1.0,0.0,0.0,0.0,-1.0,0.0,0.0,0.0
8,1988,-1.0,0.0,0.0,0.0,-1.0,0.0,0.0,0.0
9,1988,0.0,0.0,0.0,0.0,-1.0,0.0,0.0,0.0
10,1988,0.0,1.0,0.0,0.0,0.0,0.0,0.0,0.0
11,1988,1.0,1.0,0.0,0.0,0.0,1.0,0.0,0.0
12,1988,1.0,1.0,0.0,0.0,1.0,1.0,0.0,0.0
1,1989,1.0,1.0,0.0,9.033512405150539,1.0,1.0,0.0,0.0
2,1989,0.0,0.0,0.0,11.12673575174936,1.0,1.0,0.0,9.033512405150539
3,1989,1.0,1.0,0.0,4.984111918140391,0.0,0.0,0.0,11.12673575174936
4,1989,0.0,1.0,0.0,9.154497746542187,1.0,1.0,0.0,4.984111918140391
5,1989,0.0,0.0,0.0,15.725722032503164,0.0,1.0,0.0,9.154497746542187
6,1989,-1.0,-1.0,0.0,0.4318417523459147,0.0,0.0,0.0,15.725722032503164
7,1989,-1.0,0.0,0.0,3.3432531417233786,-1.0,-1.0,0.0,0.4318417523459147
8,1989,-1.0,0.0,0.0,10.737222674418257,-1.0,0.0,0.0,3.3432531417233786
9,1989,0.0,0.0,1.0,12.371288113377979,-1.0,0.0,0.0,10.737222674418257
10,1989,0.0,0.0,0.0,3.311306636458543,0.0,0.0,1.0,12.371288113377979
11,1989,0.0,0.0,1.0,5.28082469106563,0.0,0.0,0.0,3.311306636458543
12,1989,1.0,0.0,1.0,8.071555682378754,0.0,0.0,1.0,5.28082469106563
1,1990,1.0,0.0,0.0,0.6458745277527704,1.0,0.0,1.0,8.071555682378754
2,1990,1.0,1.0,1.0,17.924401524112458,1.0,0.0,0.0,0.6458745277527704
3,1990,1.0,1.0,1.0,18.016338491598418,1.0,1.0,1.0,17.924401524112458
4,1990,0.0,1.0,1.0,13.948056917980384,1.0,1.0,1.0,18.016338491598418
5,1990,0.0,0.0,0.0,0.0,0.0,1.0,1.0,13.948056917980384
6,1990,-1.0,0.0,0.0,3.405205054018984,0.0,0.0,0.0,0.0
7,1990,-1.0,0.0,0.0,6.5977923599047665,-1.0,0.0,0.0,3.405205054018984
8,1990,-1.0,-1.0,0.0,0.0,-1.0,0.0,0.0,6.5977923599047665
9,1990,0.0,0.0,0.0,1.3389444012475713,-1.0,-1.0,0.0,0.0
10,1990,0.0,0.0,0.0,0.6992353242588201,0.0,0.0,0.0,1.3389444012475713
11,1990,0.0,0.0,0.0,0.002868755649305596,0.0,0.0,0.0,0.6992353242588201
12,1990,1.0,1.0,0.0,0.012395046468463206,0.0,0.0,0.0,0.002868755649305596
1,1991,1.0,0.0,0.0,0.0,1.0,1.0,0.0,0.012395046468463206
2,1991,1.0,0.0,0.0,0.0,1.0,0.0,0.0,0.0
3,1991,0.0,0.0,1.0,22.181824654384766,1.0,0.0,0.0,0.0
4,1991,0.0,0.0,0.0,1.3547485846923364,0.0,0.0,1.0,22.181824654384766
5,1991,0.0,0.0,0.0,0.4395366872773864,0.0,0.0,0.0,1.3547485846923364
6,1991,-1.0,-1.0,0.0,4.935544362257174,0.0,0.0,0.0,0.4395366872773864
7,1991,-1.0,0.0,0.0,19.091439557335963,-1.0,-1.0,0.0,4.935544362257174
8,1991,0.0,0.0,0.0,0.5683121270401654,-1.0,0.0,0.0,19.091439557335963
9,1991,0.0,0.0,0.0,0.0,0.0,0.0,0.0,0.5683121270401654
10,1991,0.0,1.0,0.0,0.0,0.0,0.0,0.0,0.0
11,1991,0.0,0.0,0.0,0.0,0.0,1.0,0.0,0.0
12,1991,1.0,0.0,0.0,0.0,0.0,0.0,0.0,0.0
1,1992,1.0,0.0,0.0,4.673068992852213,1.0,0.0,0.0,0.0
2,1992,1.0,0.0,0.0,8.759966983676865,1.0,0.0,0.0,4.673068992852213
3,1992,0.0,1.0,0.0,14.74579338930863,1.0,0.0,0.0,8.759966983676865
4,1992,0.0,1.0,1.0,21.834393224350414,0.0,1.0,0.0,14.74579338930863
5,1992,-1.0,0.0,0.0,22.701039168443348,0.0,1.0,1.0,21.834393224350414
6,1992,-1.0,0.0,0.0,20.99027853944657,-1.0,0.0,0.0,22.701039168443348
7,1992,-1.0,0.0,0.0,7.386248432610161,-1.0,0.0,0.0,20.99027853944657
8,1992,-1.0,-1.0,0.0,0.0,-1.0,0.0,0.0,7.386248432610161
9,1992,-1.0,-1.0,0.0,0.0,-1.0,-1.0,0.0,0.0
10,1992,0.0,0.0,0.0,0.0,-1.0,-1.0,0.0,0.0
11,1992,0.0,0.0,0.0,0.0,0.0,0.0,0.0,0.0
12,1992,0.0,0.0,0.0,0.0,0.0,0.0,0.0,0.0
1,1993,0.0,0.0,0.0,0.0,0.0,0.0,0.0,0.0
2,1993,0.0,0.0,0.0,2.026961242291736,0.0,0.0,0.0,0.0
3,1993,0.0,0.0,0.0,14.534399558591865,0.0,0.0,0.0,2.026961242291736
4,1993,0.0,0.0,0.0,1.0265842923189974,0.0,0.0,0.0,14.534399558591865
5,1993,0.0,0.0,0.0,1.6406014542074911,0.0,0.0,0.0,1.0265842923189974
6,1993,0.0,0.0,0.0,0.0,0.0,0.0,0.0,1.6406014542074911
7,1993,-1.0,0.0,0.0,5.983654443335464,0.0,0.0,0.0,0.0
8,1993,-1.0,0.0,0.0,19.385606073807327,-1.0,0.0,0.0,5.983654443335464
9,1993,0.0,0.0,0.0,3.32786215739622,-1.0,0.0,0.0,19.385606073807327
10,1993,0.0,1.0,0.0,0.0,0.0,0.0,0.0,3.32786215739622
11,1993,0.0,1.0,0.0,0.2669304716524863,0.0,1.0,0.0,0.0
12,1993,0.0,0.0,0.0,0.0,0.0,1.0,0.0,0.2669304716524863
1,1994,1.0,0.0,0.0,0.0,0.0,0.0,0.0,0.0
2,1994,1.0,0.0,0.0,0.9953839072266565,1.0,0.0,0.0,0.0
3,1994,0.0,0.0,0.0,3.950895998722642,1.0,0.0,0.0,0.9953839072266565
4,1994,0.0,0.0,0.0,0.6305146091722078,0.0,0.0,0.0,3.950895998722642
5,1994,0.0,0.0,0.0,5.272372566836154,0.0,0.0,0.0,0.6305146091722078
6,1994,-1.0,-1.0,0.0,0.42489994864679315,0.0,0.0,0.0,5.272372566836154
7,1994,-1.0,-1.0,0.0,0.0,-1.0,-1.0,0.0,0.42489994864679315
8,1994,-1.0,0.0,0.0,0.0,-1.0,-1.0,0.0,0.0
9,1994,0.0,1.0,0.0,0.0,-1.0,0.0,0.0,0.0
10,1994,0.0,0.0,0.0,0.0,0.0,1.0,0.0,0.0
11,1994,0.0,0.0,0.0,0.0,0.0,0.0,0.0,0.0
12,1994,1.0,1.0,0.0,0.0,0.0,0.0,0.0,0.0
1,1995,1.0,0.0,0.0,0.0,1.0,1.0,0.0,0.0
2,1995,1.0,0.0,0.0,9.828433757080312,1.0,0.0,0.0,0.0
3,1995,0.0,0.0,0.0,6.596568823108881,1.0,0.0,0.0,9.828433757080312
4,1995,0.0,0.0,0.0,0.0,0.0,0.0,0.0,6.596568823108881
5,1995,0.0,0.0,0.0,0.0,0.0,0.0,0.0,0.0
6,1995,-1.0,-1.0,0.0,0.0,0.0,0.0,0.0,0.0
7,1995,-1.0,0.0,0.0,0.0,-1.0,-1.0,0.0,0.0
8,1995,-1.0,0.0,0.0,0.0,-1.0,0.0,0.0,0.0
9,1995,0.0,0.0,0.0,0.0,-1.0,0.0,0.0,0.0
10,1995,0.0,0.0,0.0,0.0,0.0,0.0,0.0,0.0
11,1995,0.0,0.0,0.0,0.0,0.0,0.0,0.0,0.0
12,1995,1.0,0.0,0.0,0.0,0.0,0.0,0.0,0.0
1,1996,0.0,1.0,0.0,0.46875629469253594,1.0,0.0,0.0,0.0
2,1996,1.0,0.0,0.0,0.9238864481272231,0.0,1.0,0.0,0.46875629469253594
3,1996,0.0,0.0,0.0,0.34413577224837655,1.0,0.0,0.0,0.9238864481272231
4,1996,0.0,0.0,0.0,0.43047042858341833,0.0,0.0,0.0,0.34413577224837655
5,1996,0.0,0.0,0.0,0.0,0.0,0.0,0.0,0.43047042858341833
6,1996,-1.0,0.0,0.0,0.0,0.0,0.0,0.0,0.0
7,1996,-1.0,-1.0,0.0,0.0,-1.0,0.0,0.0,0.0
8,1996,-1.0,-1.0,0.0,0.0,-1.0,-1.0,0.0,0.0
9,1996,0.0,0.0,0.0,0.0,-1.0,-1.0,0.0,0.0
10,1996,0.0,1.0,0.0,0.0,0.0,0.0,0.0,0.0
11,1996,0.0,0.0,0.0,0.0,0.0,1.0,0.0,0.0
12,1996,0.0,1.0,0.0,0.0,0.0,0.0,0.0,0.0
1,1997,0.0,0.0,0.0,1.294561966655738,0.0,1.0,0.0,0.0
2,1997,0.0,0.0,0.0,1.1798324966926845,0.0,0.0,0.0,1.294561966655738
3,1997,0.0,0.0,0.0,0.1565454296249736,0.0,0.0,0.0,1.1798324966926845
4,1997,0.0,0.0,0.0,1.656619584591502,0.0,0.0,0.0,0.1565454296249736
5,1997,0.0,0.0,0.0,3.827622169762048,0.0,0.0,0.0,1.656619584591502
6,1997,-1.0,0.0,0.0,0.029492984747403216,0.0,0.0,0.0,3.827622169762048
7,1997,-1.0,0.0,0.0,0.9855148958263519,-1.0,0.0,0.0,0.029492984747403216
8,1997,-1.0,0.0,0.0,0.44227264560188917,-1.0,0.0,0.0,0.9855148958263519
9,1997,0.0,0.0,0.0,0.0,-1.0,0.0,0.0,0.44227264560188917
10,1997,0.0,0.0,0.0,0.057755801463249316,0.0,0.0,0.0,0.0
11,1997,0.0,1.0,0.0,0.1366892204909258,0.0,0.0,0.0,0.057755801463249316
12,1997,1.0,1.0,0.0,0.0,0.0,1.0,0.0,0.1366892204909258
1,1998,1.0,1.0,0.0,0.6052774710975939,1.0,1.0,0.0,0.0
2,1998,1.0,1.0,0.0,0.004748178561228666,1.0,1.0,0.0,0.6052774710975939
3,1998,1.0,1.0,0.0,1.1778386976452397,1.0,1.0,0.0,0.004748178561228666
4,1998,0.0,1.0,0.0,0.0,1.0,1.0,0.0,1.1778386976452397
5,1998,0.0,1.0,0.0,4.393702218044931,0.0,1.0,0.0,0.0
6,1998,-1.0,-1.0,0.0,4.3193771576045314,0.0,1.0,0.0,4.393702218044931
7,1998,-1.0,0.0,0.0,0.0,-1.0,-1.0,0.0,4.3193771576045314
8,1998,-1.0,0.0,0.0,0.0,-1.0,0.0,0.0,0.0
9,1998,0.0,0.0,0.0,0.0,-1.0,0.0,0.0,0.0
10,1998,0.0,0.0,0.0,0.0,0.0,0.0,0.0,0.0
11,1998,0.0,1.0,0.0,0.516325394190959,0.0,0.0,0.0,0.0
12,1998,1.0,1.0,0.0,1.5629533104704387,0.0,1.0,0.0,0.516325394190959
1,1999,1.0,1.0,1.0,14.397081110442906,1.0,1.0,0.0,1.5629533104704387
2,1999,1.0,1.0,1.0,23.976306610797035,1.0,1.0,1.0,14.397081110442906
3,1999,1.0,0.0,0.0,0.4668053127775593,1.0,1.0,1.0,23.976306610797035
4,1999,0.0,0.0,0.0,2.0574446304652216,1.0,0.0,0.0,0.4668053127775593
5,1999,0.0,0.0,0.0,11.04357040461255,0.0,0.0,0.0,2.0574446304652216
6,1999,-1.0,-1.0,0.0,3.2493984452597755,0.0,0.0,0.0,11.04357040461255
7,1999,-1.0,-1.0,0.0,0.0,-1.0,-1.0,0.0,3.2493984452597755
8,1999,-1.0,0.0,0.0,0.0,-1.0,-1.0,0.0,0.0
9,1999,0.0,0.0,0.0,0.0,-1.0,0.0,0.0,0.0
10,1999,0.0,0.0,0.0,0.0,0.0,0.0,0.0,0.0
11,1999,0.0,0.0,0.0,0.0,0.0,0.0,0.0,0.0
12,1999,0.0,0.0,0.0,3.4184594565526507,0.0,0.0,0.0,0.0
1,2000,0.0,0.0,1.0,12.336514454976731,0.0,0.0,0.0,3.4184594565526507
2,2000,1.0,0.0,0.0,1.066552679453947,0.0,0.0,1.0,12.336514454976731
3,2000,0.0,0.0,0.0,8.904807037608299,1.0,0.0,0.0,1.066552679453947
4,2000,0.0,0.0,0.0,1.580763375985779,0.0,0.0,0.0,8.904807037608299
5,2000,0.0,0.0,0.0,0.0,0.0,0.0,0.0,1.580763375985779
6,2000,-1.0,0.0,0.0,0.0,0.0,0.0,0.0,0.0
7,2000,-1.0,0.0,0.0,0.0,-1.0,0.0,0.0,0.0
8,2000,-1.0,0.0,0.0,0.0,-1.0,0.0,0.0,0.0
9,2000,0.0,0.0,0.0,0.0,-1.0,0.0,0.0,0.0
10,2000,0.0,0.0,0.0,0.0,0.0,0.0,0.0,0.0
11,2000,0.0,0.0,0.0,0.0,0.0,0.0,0.0,0.0
12,2000,1.0,1.0,0.0,1.0001855806323838,0.0,0.0,0.0,0.0
1,2001,0.0,0.0,1.0,16.06208238198437,1.0,1.0,0.0,1.0001855806323838
2,2001,1.0,1.0,1.0,20.52080853274557,0.0,0.0,1.0,16.06208238198437
3,2001,0.0,1.0,1.0,26.86774491381356,1.0,1.0,1.0,20.52080853274557
4,2001,0.0,1.0,1.0,26.92861561219,0.0,1.0,1.0,26.86774491381356
5,2001,-1.0,1.0,0.0,23.47951961822317,0.0,1.0,1.0,26.92861561219
6,2001,-1.0,0.0,0.0,9.150748171994902,-1.0,1.0,0.0,23.47951961822317
7,2001,-1.0,0.0,0.0,17.95734687543964,-1.0,0.0,0.0,9.150748171994902
8,2001,-1.0,0.0,0.0,2.3132566846719884,-1.0,0.0,0.0,17.95734687543964
9,2001,0.0,0.0,0.0,4.997376676526724,-1.0,0.0,0.0,2.3132566846719884
10,2001,0.0,0.0,0.0,2.9005573115826384,0.0,0.0,0.0,4.997376676526724
11,2001,0.0,0.0,0.0,0.0,0.0,0.0,0.0,2.9005573115826384
12,2001,1.0,0.0,0.0,0.044127685552329224,0.0,0.0,0.0,0.0
1,2002,0.0,0.0,0.0,0.04285480394003775,1.0,0.0,0.0,0.044127685552329224
2,2002,0.0,0.0,0.0,4.613996952092077,0.0,0.0,0.0,0.04285480394003775
3,2002,0.0,0.0,0.0,7.693252055864198,0.0,0.0,0.0,4.613996952092077
4,2002,0.0,0.0,0.0,8.168418972051294,0.0,0.0,0.0,7.693252055864198
5,2002,0.0,0.0,0.0,17.82622874034599,0.0,0.0,0.0,8.168418972051294
6,2002,-1.0,-1.0,0.0,8.07636489389419,0.0,0.0,0.0,17.82622874034599
7,2002,-1.0,0.0,0.0,0.0,-1.0,-1.0,0.0,8.07636489389419
8,2002,-1.0,0.0,0.0,0.0,-1.0,0.0,0.0,0.0
9,2002,0.0,0.0,0.0,0.0,-1.0,0.0,0.0,0.0
10,2002,0.0,0.0,0.0,0.0,0.0,0.0,0.0,0.0
11,2002,0.0,1.0,0.0,0.0,0.0,0.0,0.0,0.0
12,2002,0.0,0.0,0.0,0.0,0.0,1.0,0.0,0.0
1,2003,1.0,1.0,0.0,2.426926517612981,0.0,0.0,0.0,0.0
2,2003,0.0,1.0,0.0,5.99534378669973,1.0,1.0,0.0,2.426926517612981
3,2003,0.0,1.0,1.0,23.76483595201479,0.0,1.0,0.0,5.99534378669973
4,2003,0.0,0.0,0.0,9.744503748618053,0.0,1.0,1.0,23.76483595201479
5,2003,0.0,0.0,0.0,5.038992418684718,0.0,0.0,0.0,9.744503748618053
6,2003,0.0,0.0,0.0,0.0,0.0,0.0,0.0,5.038992418684718
7,2003,-1.0,0.0,0.0,0.02637427536428776,0.0,0.0,0.0,0.0
8,2003,-1.0,0.0,0.0,4.845482957965846,-1.0,0.0,0.0,0.02637427536428776
9,2003,0.0,0.0,0.0,0.0,-1.0,0.0,0.0,4.845482957965846
10,2003,0.0,0.0,0.0,0.0,0.0,0.0,0.0,0.0
11,2003,0.0,0.0,0.0,0.0,0.0,0.0,0.0,0.0
12,2003,1.0,1.0,0.0,0.0,0.0,0.0,0.0,0.0
1,2004,1.0,1.0,0.0,0.2143058876708225,1.0,1.0,0.0,0.0
2,2004,0.0,0.0,0.0,0.0,1.0,1.0,0.0,0.2143058876708225
3,2004,0.0,0.0,0.0,0.0,0.0,0.0,0.0,0.0
4,2004,0.0,0.0,0.0,9.903863139024391,0.0,0.0,0.0,0.0
5,2004,0.0,0.0,0.0,4.16293104956475,0.0,0.0,0.0,9.903863139024391
6,2004,-1.0,0.0,0.0,0.0,0.0,0.0,0.0,4.16293104956475
7,2004,-1.0,0.0,0.0,1.5599048998838891,-1.0,0.0,0.0,0.0
8,2004,-1.0,0.0,0.0,0.6371118275703623,-1.0,0.0,0.0,1.5599048998838891
9,2004,0.0,0.0,0.0,0.0,-1.0,0.0,0.0,0.6371118275703623
10,2004,0.0,0.0,0.0,0.0,0.0,0.0,0.0,0.0
11,2004,0.0,0.0,0.0,0.0,0.0,0.0,0.0,0.0
12,2004,0.0,0.0,0.0,0.0,0.0,0.0,0.0,0.0
1,2005,1.0,0.0,0.0,4.1099406401761405,0.0,0.0,0.0,0.0
2,2005,1.0,1.0,0.0,13.39289594884786,1.0,0.0,0.0,4.1099406401761405
3,2005,0.0,1.0,0.0,11.301968076328798,1.0,1.0,0.0,13.39289594884786
4,2005,0.0,0.0,0.0,4.416446743086638,0.0,1.0,0.0,11.301968076328798
5,2005,0.0,0.0,0.0,3.0187798204086875,0.0,0.0,0.0,4.416446743086638
6,2005,-1.0,0.0,0.0,2.991050897715038,0.0,0.0,0.0,3.0187798204086875
7,2005,-1.0,0.0,0.0,3.081293994769278,-1.0,0.0,0.0,2.991050897715038
8,2005,0.0,0.0,0.0,3.2539880947960267,-1.0,0.0,0.0,3.081293994769278
9,2005,0.0,1.0,0.0,2.3446464480396725,0.0,0.0,0.0,3.2539880947960267
10,2005,0.0,0.0,1.0,7.945257084916045,0.0,1.0,0.0,2.3446464480396725
11,2005,0.0,0.0,1.0,22.487418019330057,0.0,0.0,1.0,7.945257084916045
12,2005,0.0,0.0,1.0,19.550425998172305,0.0,0.0,1.0,22.487418019330057
1,2006,1.0,0.0,1.0,10.536468797719083,0.0,0.0,1.0,19.550425998172305
2,2006,0.0,0.0,1.0,19.428668093522006,1.0,0.0,1.0,10.536468797719083
3,2006,0.0,0.0,1.0,27.69138272562353,0.0,0.0,1.0,19.428668093522006
4,2006,0.0,1.0,0.0,9.361004187580797,0.0,0.0,1.0,27.69138272562353
5,2006,0.0,0.0,0.0,1.026284705907038,0.0,1.0,0.0,9.361004187580797
6,2006,-1.0,0.0,0.0,0.23949837268299218,0.0,0.0,0.0,1.026284705907038
7,2006,-1.0,0.0,0.0,0.0,-1.0,0.0,0.0,0.23949837268299218
8,2006,-1.0,0.0,0.0,0.0,-1.0,0.0,0.0,0.0
9,2006,0.0,1.0,0.0,0.0,-1.0,0.0,0.0,0.0
10,2006,0.0,0.0,0.0,0.0,0.0,1.0,0.0,0.0
11,2006,0.0,0.0,0.0,0.0,0.0,0.0,0.0,0.0
12,2006,0.0,0.0,0.0,0.0,0.0,0.0,0.0,0.0
1,2007,0.0,0.0,0.0,0.0162188604388299,0.0,0.0,0.0,0.0
2,2007,0.0,0.0,1.0,18.232299058841537,0.0,0.0,0.0,0.0162188604388299
3,2007,1.0,0.0,1.0,28.81491000388243,0.0,0.0,1.0,18.232299058841537
4,2007,0.0,0.0,1.0,27.09044662308135,1.0,0.0,1.0,28.81491000388243
5,2007,0.0,0.0,0.0,16.005064597488673,0.0,0.0,1.0,27.09044662308135
6,2007,-1.0,0.0,0.0,10.498766683254543,0.0,0.0,0.0,16.005064597488673
7,2007,-1.0,0.0,0.0,10.081115347121713,-1.0,0.0,0.0,10.498766683254543
8,2007,-1.0,0.0,0.0,10.538366374865126,-1.0,0.0,0.0,10.081115347121713
9,2007,0.0,0.0,1.0,7.307489720528059,-1.0,0.0,0.0,10.538366374865126
10,2007,0.0,0.0,0.0,0.0,0.0,0.0,1.0,7.307489720528059
11,2007,0.0,0.0,0.0,3.3186704680417605,0.0,0.0,0.0,0.0
12,2007,1.0,1.0,1.0,10.37535184999852,0.0,0.0,0.0,3.3186704680417605
1,2008,1.0,1.0,1.0,25.067705362560886,1.0,1.0,1.0,10.37535184999852
2,2008,0.0,0.0,0.0,12.849578955706425,1.0,1.0,1.0,25.067705362560886
3,2008,0.0,0.0,1.0,21.598052195583563,0.0,0.0,0.0,12.849578955706425
4,2008,0.0,0.0,1.0,28.626563837455176,0.0,0.0,1.0,21.598052195583563
5,2008,0.0,1.0,0.0,26.14776818193345,0.0,0.0,1.0,28.626563837455176
6,2008,-1.0,0.0,0.0,19.642640411773623,0.0,1.0,0.0,26.14776818193345
7,2008,-1.0,-1.0,0.0,0.4548737351895358,-1.0,0.0,0.0,19.642640411773623
8,2008,-1.0,0.0,0.0,0.0,-1.0,-1.0,0.0,0.4548737351895358
9,2008,0.0,0.0,0.0,0.0,-1.0,0.0,0.0,0.0
10,2008,0.0,1.0,0.0,0.0,0.0,0.0,0.0,0.0
11,2008,0.0,1.0,0.0,0.0,0.0,1.0,0.0,0.0
12,2008,1.0,1.0,0.0,0.0,0.0,1.0,0.0,0.0
1,2009,1.0,1.0,1.0,15.032549002386219,1.0,1.0,0.0,0.0
2,2009,0.0,1.0,1.0,19.36488977521726,1.0,1.0,1.0,15.032549002386219
3,2009,0.0,0.0,0.0,15.306113797921357,0.0,1.0,1.0,19.36488977521726
4,2009,0.0,0.0,1.0,13.959855631448207,0.0,0.0,0.0,15.306113797921357
5,2009,-1.0,-1.0,0.0,0.0,0.0,0.0,1.0,13.959855631448207
6,2009,-1.0,0.0,0.0,0.6360112903844213,-1.0,-1.0,0.0,0.0
7,2009,-1.0,0.0,0.0,5.569012093967011,-1.0,0.0,0.0,0.6360112903844213
8,2009,0.0,0.0,0.0,0.0,-1.0,0.0,0.0,5.569012093967011
9,2009,0.0,0.0,0.0,0.0,0.0,0.0,0.0,0.0
10,2009,0.0,0.0,0.0,0.0,0.0,0.0,0.0,0.0
11,2009,0.0,0.0,0.0,0.2996491506493569,0.0,0.0,0.0,0.0
12,2009,0.0,0.0,0.0,0.0,0.0,0.0,0.0,0.2996491506493569
1,2010,0.0,0.0,0.0,2.0890597445200605,0.0,0.0,0.0,0.0
2,2010,1.0,0.0,1.0,24.654842951342154,0.0,0.0,0.0,2.0890597445200605
3,2010,1.0,0.0,1.0,23.85714162337419,1.0,0.0,1.0,24.654842951342154
4,2010,0.0,1.0,1.0,18.74088887736637,1.0,0.0,1.0,23.85714162337419
5,2010,0.0,1.0,0.0,0.05609452748709824,0.0,1.0,1.0,18.74088887736637
6,2010,-1.0,-1.0,0.0,0.0,0.0,1.0,0.0,0.05609452748709824
7,2010,-1.0,0.0,0.0,1.8386910949886393,-1.0,-1.0,0.0,0.0
8,2010,0.0,0.0,0.0,0.0,-1.0,0.0,0.0,1.8386910949886393
9,2010,0.0,0.0,0.0,0.0,0.0,0.0,0.0,0.0
10,2010,0.0,0.0,0.0,0.0,0.0,0.0,0.0,0.0
11,2010,1.0,1.0,0.0,1.1738928915810325,0.0,0.0,0.0,0.0
12,2010,1.0,1.0,1.0,9.566844581300789,1.0,1.0,0.0,1.1738928915810325
1,2011,1.0,1.0,0.0,0.7644787221565085,1.0,1.0,1.0,9.566844581300789
2,2011,1.0,0.0,0.0,5.512248382721171,1.0,1.0,0.0,0.7644787221565085
3,2011,0.0,0.0,0.0,10.46073076873728,1.0,0.0,0.0,5.512248382721171
4,2011,0.0,0.0,0.0,7.952550350898486,0.0,0.0,0.0,10.46073076873728
5,2011,0.0,0.0,0.0,0.48807463770478626,0.0,0.0,0.0,7.952550350898486
6,2011,-1.0,0.0,0.0,1.8553129863987965,0.0,0.0,0.0,0.48807463770478626
7,2011,-1.0,0.0,0.0,3.4354777073193254,-1.0,0.0,0.0,1.8553129863987965
8,2011,-1.0,0.0,0.0,1.6005010929538326,-1.0,0.0,0.0,3.4354777073193254
9,2011,0.0,0.0,0.0,1.244353353536488,-1.0,0.0,0.0,1.6005010929538326
10,2011,0.0,0.0,0.0,0.3995405534100524,0.0,0.0,0.0,1.244353353536488
11,2011,0.0,0.0,0.0,0.0,0.0,0.0,0.0,0.3995405534100524
12,2011,0.0,0.0,0.0,2.152184639383351,0.0,0.0,0.0,0.0
1,2012,0.0,0.0,1.0,18.325792654936638,0.0,0.0,0.0,2.152184639383351
2,2012,0.0,0.0,1.0,21.203165852668523,0.0,0.0,1.0,18.325792654936638
3,2012,0.0,0.0,0.0,8.637446053320389,0.0,0.0,1.0,21.203165852668523
4,2012,0.0,0.0,1.0,21.34841479813148,0.0,0.0,0.0,8.637446053320389
5,2012,0.0,1.0,0.0,14.099870202807425,0.0,0.0,1.0,21.34841479813148
6,2012,-1.0,0.0,0.0,0.6660969202718067,0.0,1.0,0.0,14.099870202807425
7,2012,-1.0,0.0,0.0,0.7138973224178331,-1.0,0.0,0.0,0.6660969202718067
8,2012,0.0,-1.0,0.0,0.0,-1.0,0.0,0.0,0.7138973224178331
9,2012,0.0,0.0,0.0,0.0,0.0,-1.0,0.0,0.0
10,2012,0.0,0.0,0.0,0.0,0.0,0.0,0.0,0.0
11,2012,0.0,0.0,0.0,0.0,0.0,0.0,0.0,0.0
12,2012,1.0,0.0,0.0,0.4001528923237068,0.0,0.0,0.0,0.0
1,2013,1.0,0.0,0.0,1.783174349344907,1.0,0.0,0.0,0.4001528923237068
2,2013,1.0,1.0,1.0,23.447268464285518,1.0,0.0,0.0,1.783174349344907
3,2013,1.0,1.0,1.0,30.598414645747404,1.0,1.0,1.0,23.447268464285518
4,2013,0.0,1.0,1.0,19.06172772181053,1.0,1.0,1.0,30.598414645747404
5,2013,0.0,0.0,0.0,5.782232509644198,0.0,1.0,1.0,19.06172772181053
6,2013,-1.0,-1.0,0.0,0.5802039328374924,0.0,0.0,0.0,5.782232509644198
7,2013,-1.0,0.0,0.0,0.0,-1.0,-1.0,0.0,0.5802039328374924
8,2013,0.0,0.0,0.0,0.0,-1.0,0.0,0.0,0.0
9,2013,0.0,0.0,0.0,0.21180024206349932,0.0,0.0,0.0,0.0
10,2013,0.0,0.0,0.0,0.0,0.0,0.0,0.0,0.21180024206349932
11,2013,0.0,0.0,0.0,0.0,0.0,0.0,0.0,0.0
12,2013,0.0,0.0,0.0,0.8766378486417815,0.0,0.0,0.0,0.0
1,2014,0.0,0.0,0.0,2.6370350045617106,0.0,0.0,0.0,0.8766378486417815
2,2014,1.0,1.0,1.0,26.762203527763035,0.0,0.0,0.0,2.6370350045617106
3,2014,0.0,0.0,1.0,23.182466189830553,1.0,1.0,1.0,26.762203527763035
4,2014,0.0,0.0,1.0,13.637219366951724,0.0,0.0,1.0,23.182466189830553
5,2014,0.0,0.0,0.0,0.0,0.0,0.0,1.0,13.637219366951724
6,2014,0.0,0.0,0.0,0.0,0.0,0.0,0.0,0.0
7,2014,-1.0,0.0,0.0,0.6612450900477426,0.0,0.0,0.0,0.0
8,2014,-1.0,0.0,0.0,0.48625670580499525,-1.0,0.0,0.0,0.6612450900477426
9,2014,0.0,1.0,1.0,9.36041527747336,-1.0,0.0,0.0,0.48625670580499525
10,2014,0.0,1.0,0.0,0.06042858198429276,0.0,1.0,1.0,9.36041527747336
11,2014,0.0,1.0,0.0,0.0,0.0,1.0,0.0,0.06042858198429276
12,2014,0.0,1.0,0.0,1.5682225979620532,0.0,1.0,0.0,0.0
1,2015,1.0,1.0,1.0,22.43190185476854,0.0,1.0,0.0,1.5682225979620532
2,2015,1.0,1.0,1.0,23.454997851075095,1.0,1.0,1.0,22.43190185476854
3,2015,0.0,1.0,1.0,25.2991311817819,1.0,1.0,1.0,23.454997851075095
4,2015,0.0,1.0,1.0,11.520414476230497,0.0,1.0,1.0,25.2991311817819
5,2015,0.0,1.0,0.0,0.0,0.0,1.0,1.0,11.520414476230497
6,2015,-1.0,0.0,0.0,0.1589376258546037,0.0,1.0,0.0,0.0
7,2015,-1.0,0.0,0.0,0.002486332831575344,-1.0,0.0,0.0,0.1589376258546037
8,2015,-1.0,0.0,0.0,0.0,-1.0,0.0,0.0,0.002486332831575344
9,2015,0.0,0.0,0.0,0.4242307648880523,-1.0,0.0,0.0,0.0
10,2015,0.0,1.0,0.0,0.10977178873393373,0.0,0.0,0.0,0.4242307648880523
11,2015,0.0,1.0,1.0,9.766346692035333,0.0,1.0,0.0,0.10977178873393373
12,2015,0.0,1.0,1.0,10.566754924217037,0.0,1.0,1.0,9.766346692035333
1,2016,0.0,0.0,0.0,6.513491834432551,0.0,1.0,1.0,10.566754924217037
2,2016,1.0,0.0,0.0,16.408239807097914,0.0,0.0,0.0,6.513491834432551
3,2016,1.0,1.0,1.0,17.59251777693447,1.0,0.0,0.0,16.408239807097914
4,2016,0.0,1.0,1.0,21.18862215345944,1.0,1.0,1.0,17.59251777693447
5,2016,0.0,1.0,0.0,6.820433573525052,0.0,1.0,1.0,21.18862215345944
6,2016,-1.0,0.0,0.0,0.0,0.0,1.0,0.0,6.820433573525052
7,2016,-1.0,0.0,0.0,2.298502772046707,-1.0,0.0,0.0,0.0
8,2016,-1.0,1.0,0.0,1.2740210715702485,-1.0,0.0,0.0,2.298502772046707
9,2016,0.0,1.0,0.0,0.27979998175013904,-1.0,1.0,0.0,1.2740210715702485
10,2016,0.0,1.0,0.0,0.015804385340455723,0.0,1.0,0.0,0.27979998175013904
11,2016,0.0,0.0,0.0,1.814118282194476,0.0,1.0,0.0,0.015804385340455723
12,2016,0.0,0.0,0.0,0.5190650771324563,0.0,0.0,0.0,1.814118282194476
1,2017,1.0,0.0,0.0,3.6030223425696644,0.0,0.0,0.0,0.5190650771324563
2,2017,0.0,1.0,0.0,6.610731085807858,1.0,0.0,0.0,3.6030223425696644
3,2017,0.0,1.0,1.0,25.98017200071309,0.0,1.0,0.0,6.610731085807858
4,2017,0.0,0.0,0.0,5.097817261455147,0.0,1.0,1.0,25.98017200071309
5,2017,0.0,0.0,0.0,6.475677909652772,0.0,0.0,0.0,5.097817261455147
6,2017,-1.0,0.0,0.0,23.42318912410932,0.0,0.0,0.0,6.475677909652772
7,2017,-1.0,-1.0,0.0,5.452642353142205,-1.0,0.0,0.0,23.42318912410932
8,2017,-1.0,0.0,0.0,0.0,-1.0,-1.0,0.0,5.452642353142205
9,2017,0.0,0.0,0.0,0.0,-1.0,0.0,0.0,0.0
10,2017,0.0,0.0,0.0,0.0,0.0,0.0,0.0,0.0
11,2017,0.0,1.0,0.0,4.043571917735845,0.0,0.0,0.0,0.0
12,2017,1.0,1.0,1.0,27.521145991717674,0.0,1.0,0.0,4.043571917735845
1,2018,1.0,0.0,1.0,14.321349728848425,1.0,1.0,1.0,27.521145991717674
2,2018,1.0,0.0,0.0,1.0755762755128222,1.0,0.0,1.0,14.321349728848425
3,2018,0.0,0.0,0.0,0.9413760312152626,1.0,0.0,0.0,1.0755762755128222
4,2018,0.0,0.0,0.0,0.0,0.0,0.0,0.0,0.9413760312152626
5,2018,0.0,0.0,0.0,0.0,0.0,0.0,0.0,0.0
6,2018,-1.0,0.0,0.0,0.6563659852630486,0.0,0.0,0.0,0.0
7,2018,-1.0,0.0,0.0,0.9888962176898967,-1.0,0.0,0.0,0.6563659852630486
8,2018,0.0,0.0,0.0,3.5040206209843516,-1.0,0.0,0.0,0.9888962176898967
9,2018,0.0,0.0,1.0,15.724947815586738,0.0,0.0,0.0,3.5040206209843516
10,2018,0.0,1.0,1.0,13.339354133495391,0.0,0.0,1.0,15.724947815586738
11,2018,0.0,0.0,0.0,0.0,0.0,1.0,1.0,13.339354133495391
12,2018,0.0,0.0,0.0,0.0,0.0,0.0,0.0,0.0
1,2019,1.0,0.0,0.0,6.905483086197912,0.0,0.0,0.0,0.0
2,2019,1.0,1.0,1.0,24.333809046602504,1.0,0.0,0.0,6.905483086197912
3,2019,1.0,1.0,1.0,20.522534230640808,1.0,1.0,1.0,24.333809046602504
4,2019,0.0,0.0,0.0,2.411654892713762,1.0,1.0,1.0,20.522534230640808
5,2019,0.0,1.0,0.0,0.818606707571111,0.0,0.0,0.0,2.411654892713762
6,2019,-1.0,0.0,0.0,0.12815514623436972,0.0,1.0,0.0,0.818606707571111
7,2019,-1.0,0.0,0.0,0.5756752389690233,-1.0,0.0,0.0,0.12815514623436972
8,2019,-1.0,0.0,0.0,0.0,-1.0,0.0,0.0,0.5756752389690233
9,2019,0.0,0.0,0.0,0.8353883882127332,-1.0,0.0,0.0,0.0
10,2019,0.0,0.0,0.0,0.0,0.0,0.0,0.0,0.8353883882127332
11,2019,0.0,0.0,0.0,0.0,0.0,0.0,0.0,0.0
12,2019,0.0,1.0,0.0,0.0,0.0,0.0,0.0,0.0
